t,x,y,z
0,-6220.929,-2682.177,1741.598
30,-6281.906,-2673.539,1523.605
60,-6336.293,-2662.097,1304.010
90,-6384.033,-2647.862,1083.043
120,-6425.076,-2630.849,860.936
150,-6459.381,-2611.077,637.925
180,-6486.910,-2588.566,414.242
210,-6507.637,-2563.341,190.124
240,-6521.539,-2535.427,-34.194
270,-6528.604,-2504.856,-258.477
300,-6528.824,-2471.658,-482.487
330,-6522.201,-2435.869,-705.990
360,-6508.742,-2397.528,-928.752
390,-6488.462,-2356.674,-1150.538
420,-6461.384,-2313.351,-1371.114
450,-6427.538,-2267.604,-1590.251
480,-6386.960,-2219.483,-1807.718
510,-6339.693,-2169.037,-2023.286
540,-6285.789,-2116.321,-2236.731
570,-6225.306,-2061.389,-2447.828
600,-6158.308,-2004.301,-2656.356
630,-6084.867,-1945.115,-2862.098
660,-6005.061,-1883.894,-3064.838
690,-5918.976,-1820.704,-3264.364
720,-5826.702,-1755.610,-3460.469
750,-5728.337,-1688.681,-3652.946
780,-5623.987,-1619.987,-3841.596
810,-5513.761,-1549.601,-4026.221
840,-5397.776,-1477.596,-4206.630
870,-5276.155,-1404.048,-4382.635
900,-5149.026,-1329.035,-4554.052
930,-5016.523,-1252.635,-4720.703
960,-4878.786,-1174.927,-4882.416
990,-4735.960,-1095.995,-5039.022
1020,-4588.195,-1015.919,-5190.359
1050,-4435.647,-934.784,-5336.270
1080,-4278.475,-852.674,-5476.604
1110,-4116.844,-769.676,-5611.215
1140,-3950.925,-685.876,-5739.965
1170,-3780.890,-601.362,-5862.719
1200,-3606.918,-516.222,-5979.352
1230,-3429.191,-430.544,-6089.742
1260,-3247.894,-344.418,-6193.777
1290,-3063.216,-257.933,-6291.348
1320,-2875.352,-171.180,-6382.355
1350,-2684.496,-84.249,-6466.704
1380,-2490.847,2.770,-6544.308
1410,-2294.608,89.786,-6615.087
1440,-2095.983,176.708,-6678.969
1470,-1895.179,263.447,-6735.888
1500,-1692.404,349.912,-6785.785
1530,-1487.870,436.013,-6828.608
1560,-1281.790,521.661,-6864.315
1590,-1074.377,606.766,-6892.868
1620,-865.848,691.241,-6914.237
1650,-656.418,774.998,-6928.402
1680,-446.307,857.950,-6935.347
1710,-235.732,940.009,-6935.065
1740,-24.911,1021.092,-6927.556
1770,185.935,1101.114,-6912.829
1800,396.587,1179.991,-6890.898
1830,606.828,1257.642,-6861.786
1860,816.438,1333.986,-6825.523
1890,1025.199,1408.944,-6782.146
1920,1232.895,1482.436,-6731.700
1950,1439.309,1554.388,-6674.236
1980,1644.226,1624.723,-6609.813
2010,1847.433,1693.369,-6538.499
2040,2048.719,1760.253,-6460.366
2070,2247.874,1825.307,-6375.495
2100,2444.690,1888.461,-6283.973
2130,2638.963,1949.651,-6185.894
2160,2830.489,2008.811,-6081.361
2190,3019.069,2065.881,-5970.480
2220,3204.505,2120.799,-5853.365
2250,3386.604,2173.509,-5730.139
2280,3565.176,2223.955,-5600.928
2310,3740.033,2272.084,-5465.866
2340,3910.993,2317.846,-5325.093
2370,4077.877,2361.191,-5178.754
2400,4240.509,2402.075,-5027.001
2430,4398.718,2440.453,-4869.992
2460,4552.339,2476.286,-4707.889
2490,4701.211,2509.535,-4540.861
2520,4845.176,2540.165,-4369.080
2550,4984.082,2568.143,-4192.727
2580,5117.785,2593.440,-4011.983
2610,5246.142,2616.028,-3827.038
2640,5369.019,2635.883,-3638.084
2670,5486.285,2652.984,-3445.318
2700,5597.816,2667.311,-3248.941
2730,5703.495,2678.850,-3049.158
2760,5803.209,2687.587,-2846.178
2790,5896.853,2693.513,-2640.213
2820,5984.328,2696.621,-2431.478
2850,6065.540,2696.907,-2220.191
2880,6140.403,2694.370,-2006.574
2910,6208.837,2689.012,-1790.851
2940,6270.770,2680.839,-1573.248
2970,6326.135,2669.857,-1353.992
3000,6374.873,2656.079,-1133.314
3030,6416.933,2639.518,-911.446
3060,6452.268,2620.191,-688.620
3090,6480.840,2598.118,-465.070
3120,6502.619,2573.322,-241.031
3150,6517.581,2545.828,-16.739
3180,6525.710,2515.664,207.570
3210,6526.995,2482.863,431.662
3240,6521.436,2447.457,655.299
3270,6509.037,2409.485,878.247
3300,6489.811,2368.986,1100.272
3330,6463.777,2326.002,1321.139
3360,6430.963,2280.577,1540.617
3390,6391.402,2232.760,1758.474
3420,6345.137,2182.601,1974.481
3450,6292.214,2130.152,2188.412
3480,6232.690,2075.468,2400.040
3510,6166.627,2018.607,2609.143
3540,6094.094,1959.628,2815.502
3570,6015.168,1898.593,3018.899
3600,5929.931,1835.566,3219.120
3630,5838.474,1770.614,3415.955
3660,5740.892,1703.804,3609.197
3690,5637.288,1635.207,3798.643
3720,5527.771,1564.895,3984.094
3750,5412.457,1492.942,4165.355
3780,5291.466,1419.423,4342.236
3810,5164.926,1344.415,4514.550
3840,5032.970,1267.997,4682.118
3870,4895.737,1190.251,4844.764
3900,4753.371,1111.256,5002.316
3930,4606.023,1031.096,5154.610
3960,4453.846,949.855,5301.486
3990,4297.001,867.619,5442.791
4020,4135.652,784.474,5578.375
4050,3969.970,700.506,5708.099
4080,3800.127,615.805,5831.825
4110,3626.303,530.458,5949.424
4140,3448.681,444.556,6060.773
4170,3267.445,358.188,6165.757
4200,3082.787,271.444,6264.264
4230,2894.901,184.417,6356.193
4260,2703.982,97.196,6441.447
4290,2510.232,9.874,6519.937
4320,2313.854,-77.459,6591.582
4350,2115.052,-164.711,6656.306
4380,1914.037,-251.790,6714.042
4410,1711.017,-338.605,6764.731
4440,1506.206,-425.066,6808.318
4470,1299.819,-511.083,6844.758
4500,1092.071,-596.564,6874.015
4530,883.179,-681.420,6896.056
4560,673.364,-765.564,6910.859
4590,462.843,-848.906,6918.409
4620,251.838,-931.359,6918.698
4650,40.569,-1012.838,6911.725
4680,-170.742,-1093.256,6897.498
4710,-381.874,-1172.530,6876.031
4740,-592.607,-1250.577,6847.347
4770,-802.719,-1327.314,6811.476
4800,-1011.991,-1402.662,6768.456
4830,-1220.204,-1476.542,6718.330
4860,-1427.139,-1548.876,6661.152
4890,-1632.580,-1619.588,6596.981
4920,-1836.311,-1688.604,6525.883
4950,-2038.120,-1755.852,6447.934
4980,-2237.794,-1821.262,6363.214
5010,-2435.125,-1884.764,6271.812
5040,-2629.906,-1946.292,6173.823
5070,-2821.932,-2005.782,6069.350
5100,-3011.002,-2063.170,5958.502
5130,-3196.917,-2118.397,5841.395
5160,-3379.483,-2171.404,5718.151
5190,-3558.507,-2222.136,5588.899
5220,-3733.803,-2270.539,5453.774
5250,-3905.185,-2316.563,5312.918
5280,-4072.474,-2360.159,5166.478
5310,-4235.495,-2401.281,5014.608
5340,-4394.075,-2439.885,4857.467
5370,-4548.048,-2475.931,4695.220
5400,-4697.253,-2509.382,4528.036
5430,-4841.532,-2540.201,4356.091
5460,-4980.734,-2568.356,4179.565
5490,-5114.712,-2593.817,3998.644
5520,-5243.326,-2616.558,3813.518
5550,-5366.439,-2636.554,3624.381
5580,-5483.924,-2653.785,3431.432
5610,-5595.656,-2668.232,3234.874
5640,-5701.518,-2679.880,3034.913
5670,-5801.398,-2688.716,2831.759
5700,-5895.192,-2694.731,2625.626
5730,-5982.801,-2697.920,2416.732
5760,-6064.133,-2698.277,2205.294
5790,-6139.102,-2695.804,1991.537
5820,-6207.631,-2690.503,1775.685
5850,-6269.648,-2682.379,1557.965
5880,-6325.087,-2671.440,1338.606
5910,-6373.891,-2657.700,1117.839
5940,-6416.009,-2641.171,895.897
5970,-6451.396,-2621.873,673.012
6000,-6480.018,-2599.824,449.419
6030,-6501.844,-2575.049,225.354
6060,-6516.851,-2547.573,1.051
6090,-6525.026,-2517.427,-223.252
6120,-6526.360,-2484.641,-447.320
6150,-6520.853,-2449.250,-670.919
6180,-6508.511,-2411.293,-893.812
6210,-6489.349,-2370.809,-1115.767
6240,-6463.387,-2327.840,-1336.549
6270,-6430.655,-2282.433,-1555.927
6300,-6391.187,-2234.636,-1773.671
6330,-6345.026,-2184.498,-1989.552
6360,-6292.223,-2132.074,-2203.345
6390,-6232.833,-2077.417,-2414.826
6420,-6166.920,-2020.587,-2623.773
6450,-6094.555,-1961.642,-2829.967
6480,-6015.814,-1900.646,-3033.192
6510,-5930.783,-1837.661,-3233.237
6540,-5839.550,-1772.756,-3429.892
6570,-5742.213,-1705.997,-3622.953
6600,-5638.876,-1637.455,-3812.217
6630,-5529.647,-1567.203,-3997.488
6660,-5414.643,-1495.314,-4178.571
6690,-5293.984,-1421.863,-4355.280
6720,-5167.799,-1346.928,-4527.430
6750,-5036.220,-1270.588,-4694.842
6780,-4899.387,-1192.921,-4857.342
6810,-4757.442,-1114.010,-5014.761
6840,-4610.536,-1033.938,-5166.936
6870,-4458.823,-952.787,-5313.710
6900,-4302.463,-870.643,-5454.930
6930,-4141.618,-787.592,-5590.449
6960,-3976.459,-703.720,-5720.129
6990,-3807.157,-619.115,-5843.834
7020,-3633.891,-533.866,-5961.436
7050,-3456.841,-448.060,-6072.815
7080,-3276.193,-361.788,-6177.856
7110,-3092.134,-275.140,-6276.449
7140,-2904.859,-188.205,-6368.494
7170,-2714.561,-101.075,-6453.895
7200,-2521.439,-13.839,-6532.564
7230,-2325.695,73.411,-6604.421
7260,-2127.533,160.585,-6669.391
7290,-1927.158,247.591,-6727.408
7320,-1724.780,334.341,-6778.411
7350,-1520.609,420.742,-6822.350
7380,-1314.857,506.707,-6859.177
7410,-1107.738,592.144,-6888.856
7440,-899.469,676.967,-6911.356
7470,-690.264,761.086,-6926.654
7500,-480.342,844.413,-6934.734
7530,-269.921,926.864,-6935.587
7560,-59.220,1008.351,-6929.214
7590,151.543,1088.790,-6915.620
7620,362.149,1168.098,-6894.820
7650,572.378,1246.191,-6866.834
7680,782.012,1322.990,-6831.693
7710,990.834,1398.413,-6789.430
7740,1198.625,1472.383,-6740.091
7770,1405.171,1544.822,-6683.726
7800,1610.255,1615.655,-6620.393
7830,1813.665,1684.807,-6550.157
7860,2015.189,1752.208,-6473.090
7890,2214.616,1817.786,-6389.272
7920,2411.740,1881.472,-6298.789
7950,2606.354,1943.201,-6201.734
7980,2798.255,2002.908,-6098.207
8010,2987.244,2060.530,-5988.316
8040,3173.123,2116.007,-5872.173
8070,3355.698,2169.280,-5749.899
8100,3534.777,2220.293,-5621.620
8130,3710.174,2268.994,-5487.468
8160,3881.704,2315.330,-5347.583
8190,4049.189,2359.253,-5202.108
8220,4212.452,2400.716,-5051.196
8250,4371.322,2439.676,-4895.002
8280,4525.633,2476.091,-4733.688
8310,4675.222,2509.922,-4567.422
8340,4819.931,2541.135,-4396.376
8370,4959.610,2569.694,-4220.729
8400,5094.109,2595.570,-4040.663
8430,5223.289,2618.736,-3856.365
8460,5347.012,2639.166,-3668.028
8490,5465.147,2656.838,-3475.847
8520,5577.570,2671.733,-3280.024
8550,5684.162,2683.834,-3080.763
8580,5784.810,2693.130,-2878.271
8610,5879.407,2699.608,-2672.760
8640,5967.853,2703.262,-2464.445
8670,6050.054,2704.087,-2253.545
8700,6125.922,2702.082,-2040.280
8730,6195.377,2697.248,-1824.872
8760,6258.345,2689.589,-1607.549
8790,6314.758,2679.114,-1388.538
8820,6364.557,2665.832,-1168.068
8850,6407.687,2649.758,-946.371
8880,6444.103,2630.906,-723.680
8910,6473.765,2609.298,-500.228
8940,6496.642,2584.954,-276.251
8970,6512.708,2557.900,-51.983
9000,6521.945,2528.165,172.340
9030,6524.344,2495.779,396.481
9060,6519.900,2460.775,620.206
9090,6508.619,2423.190,843.278
9120,6490.511,2383.064,1065.463
9150,6465.595,2340.438,1286.528
9180,6433.896,2295.357,1506.240
9210,6395.448,2247.868,1724.367
9240,6350.290,2198.021,1940.680
9270,6298.470,2145.868,2154.951
9300,6240.042,2091.463,2366.956
9330,6175.068,2034.864,2576.471
9360,6103.615,1976.131,2783.275
9390,6025.758,1915.324,2987.152
9420,5941.580,1852.508,3187.886
9450,5851.169,1787.748,3385.267
9480,5754.620,1721.113,3579.087
9510,5652.035,1652.673,3769.143
9540,5543.521,1582.499,3955.234
9570,5429.193,1510.665,4137.166
9600,5309.170,1437.247,4314.747
9630,5183.581,1362.322,4487.791
9660,5052.555,1285.968,4656.117
9690,4916.232,1208.266,4819.547
9720,4774.754,1129.297,4977.910
9750,4628.271,1049.145,5131.041
9780,4476.937,967.892,5278.779
9810,4320.909,885.625,5420.969
9840,4160.354,802.430,5557.462
9870,3995.438,718.394,5688.115
9900,3826.336,633.605,5812.791
9930,3653.225,548.152,5931.361
9960,3476.287,462.125,6043.700
9990,3295.707,375.614,6149.691
10020,3111.674,288.710,6249.223
10050,2924.383,201.503,6342.192
10080,2734.029,114.085,6428.500
10110,2540.812,26.548,6508.059
10140,2344.935,-61.018,6580.784
10170,2146.602,-148.519,6646.600
10200,1946.022,-235.864,6705.438
10230,1743.404,-322.963,6757.237
10260,1538.961,-409.724,6801.943
10290,1332.907,-496.056,6839.509
10320,1125.458,-581.868,6869.895
10350,916.831,-667.071,6893.072
10380,707.244,-751.577,6909.013
10410,496.917,-835.295,6917.703
10440,286.070,-918.139,6919.132
10470,74.923,-1000.022,6913.300
10500,-136.302,-1080.858,6900.211
10530,-347.385,-1160.563,6879.881
10560,-558.104,-1239.053,6852.329
10590,-768.238,-1316.246,6817.585
10620,-977.569,-1392.061,6775.684
10650,-1185.876,-1466.419,6726.671
10680,-1392.942,-1539.242,6670.597
10710,-1598.549,-1610.453,6607.520
10740,-1802.482,-1679.978,6537.506
10770,-2004.528,-1747.744,6460.627
10800,-2204.475,-1813.679,6376.965
10830,-2402.114,-1877.715,6286.607
10860,-2597.236,-1939.785,6189.646
10890,-2789.639,-1999.822,6086.185
10920,-2979.118,-2057.765,5976.331
10950,-3165.477,-2113.552,5860.199
10980,-3348.520,-2167.125,5737.910
11010,-3528.054,-2218.427,5609.593
11040,-3703.890,-2267.404,5475.382
11070,-3875.845,-2314.005,5335.416
11100,-4043.738,-2358.180,5189.844
11130,-4207.392,-2399.884,5038.817
11160,-4366.635,-2439.072,4882.492
11190,-4521.300,-2475.702,4721.036
11220,-4671.225,-2509.737,4554.616
11250,-4816.252,-2541.141,4383.407
11280,-4956.227,-2569.879,4207.589
11310,-5091.005,-2595.922,4027.346
11340,-5220.444,-2619.243,3842.868
11370,-5344.406,-2639.816,3654.348
11400,-5462.763,-2657.620,3461.984
11430,-5575.389,-2672.636,3265.979
11460,-5682.166,-2684.849,3066.539
11490,-5782.982,-2694.245,2863.873
11520,-5877.731,-2700.814,2658.194
11550,-5966.313,-2704.549,2449.719
11580,-6048.636,-2705.448,2238.666
11610,-6124.613,-2703.507,2025.259
11640,-6194.164,-2698.731,1809.721
11670,-6257.217,-2691.123,1592.280
11700,-6313.705,-2680.692,1373.163
11730,-6363.570,-2667.449,1152.602
11760,-6406.760,-2651.407,930.829
11790,-6443.230,-2632.585,708.077
11820,-6472.941,-2611.001,484.579
11850,-6495.865,-2586.679,260.573
11880,-6511.976,-2559.645,36.292
11910,-6521.259,-2529.927,-188.026
11940,-6523.706,-2497.556,-412.147
11970,-6519.313,-2462.567,-635.835
12000,-6508.088,-2424.997,-858.855
12030,-6490.043,-2384.886,-1080.972
12060,-6465.197,-2342.276,-1301.953
12090,-6433.579,-2297.213,-1521.567
12120,-6395.222,-2249.743,-1739.583
12150,-6350.167,-2199.917,-1955.772
12180,-6298.464,-2147.788,-2169.908
12210,-6240.168,-2093.410,-2381.766
12240,-6175.341,-2036.842,-2591.125
12270,-6104.053,-1978.142,-2797.766
12300,-6026.379,-1917.374,-3001.472
12330,-5942.403,-1854.600,-3202.030
12360,-5852.214,-1789.886,-3399.232
12390,-5755.907,-1723.302,-3592.870
12420,-5653.584,-1654.917,-3782.744
12450,-5545.355,-1584.803,-3968.655
12480,-5431.334,-1513.033,-4150.409
12510,-5311.640,-1439.683,-4327.817
12540,-5186.402,-1364.831,-4500.695
12570,-5055.750,-1288.554,-4668.863
12600,-4919.823,-1210.932,-4832.146
12630,-4778.763,-1132.047,-4990.374
12660,-4632.720,-1051.981,-5143.384
12690,-4481.846,-970.819,-5291.016
12720,-4326.300,-888.644,-5433.118
12750,-4166.245,-805.544,-5569.542
12780,-4001.850,-721.604,-5700.148
12810,-3833.286,-636.912,-5824.800
12840,-3660.730,-551.557,-5943.370
12870,-3484.362,-465.628,-6055.735
12900,-3304.367,-379.214,-6161.778
12930,-3120.933,-292.406,-6261.391
12960,-2934.251,-205.293,-6354.471
12990,-2744.516,-117.966,-6440.921
13020,-2551.927,-30.517,-6520.654
13050,-2356.683,56.964,-6593.586
13080,-2158.988,144.386,-6659.643
13110,-1959.049,231.657,-6718.756
13140,-1757.073,318.688,-6770.865
13170,-1553.270,405.387,-6815.916
13200,-1347.852,491.665,-6853.864
13230,-1141.034,577.432,-6884.668
13260,-933.030,662.599,-6908.297
13290,-724.056,747.078,-6924.728
13320,-514.329,830.780,-6933.942
13350,-304.069,913.618,-6935.931
13380,-93.492,995.507,-6930.693
13410,117.182,1076.362,-6918.233
13440,327.735,1156.098,-6898.564
13470,537.946,1234.632,-6871.705
13500,747.599,1311.883,-6837.685
13530,956.474,1387.771,-6796.539
13560,1164.355,1462.216,-6748.309
13590,1371.026,1535.141,-6693.044
13620,1576.271,1606.470,-6630.801
13650,1779.877,1676.128,-6561.645
13680,1981.632,1744.043,-6485.646
13710,2181.326,1810.144,-6402.883
13740,2378.751,1874.362,-6313.441
13770,2573.700,1936.630,-6217.412
13800,2765.971,1996.882,-6114.895
13830,2955.364,2055.056,-6005.996
13860,3141.679,2111.090,-5890.827
13890,3324.723,2164.926,-5769.508
13920,3504.304,2216.508,-5642.163
13950,3680.234,2265.780,-5508.925
13980,3852.330,2312.691,-5369.931
14010,4020.410,2357.192,-5225.325
14040,4184.299,2399.235,-5075.256
14070,4343.825,2438.776,-4919.881
14100,4498.820,2475.774,-4759.360
14130,4649.121,2510.189,-4593.861
14160,4794.571,2541.984,-4423.555
14190,4935.015,2571.125,-4248.618
14220,5070.308,2597.583,-4069.234
14250,5200.304,2621.327,-3885.588
14280,5324.869,2642.333,-3697.873
14310,5443.869,2660.578,-3506.283
14340,5557.180,2676.042,-3311.018
14370,5664.681,2688.709,-3112.283
14400,5766.258,2698.564,-2910.284
14430,5861.804,2705.596,-2705.234
14460,5951.218,2709.798,-2497.345
14490,6034.404,2711.164,-2286.836
14520,6111.275,2709.693,-2073.927
14550,6181.748,2705.385,-1858.841
14580,6245.748,2698.245,-1641.804
14610,6303.206,2688.278,-1423.042
14640,6354.063,2675.495,-1202.786
14670,6398.262,2659.910,-981.267
14700,6435.757,2641.537,-758.716
14730,6466.507,2620.396,-535.368
14760,6490.479,2596.508,-311.458
14790,6507.647,2569.898,-87.220
14820,6517.992,2540.594,137.110
14850,6521.502,2508.626,361.296
14880,6518.174,2474.027,585.101
14910,6508.009,2436.834,808.292
14940,6491.019,2397.084,1030.632
14970,6467.219,2354.820,1251.888
15000,6436.636,2310.086,1471.828
15030,6399.300,2262.929,1690.219
15060,6355.251,2213.397,1906.832
15090,6304.534,2161.543,2121.440
15120,6247.203,2107.422,2333.816
15150,6183.318,2051.090,2543.736
15180,6112.946,1992.605,2750.981
15210,6036.160,1932.031,2955.332
15240,5953.042,1869.429,3156.574
15270,5863.679,1804.866,3354.495
15300,5768.165,1738.410,3548.889
15330,5666.600,1670.130,3739.549
15360,5559.091,1600.099,3926.276
15390,5445.751,1528.389,4108.874
15420,5326.700,1455.076,4287.151
15450,5202.063,1380.237,4460.920
15480,5071.971,1303.951,4629.999
15510,4936.561,1226.298,4794.209
15540,4795.975,1147.359,4953.379
15570,4650.361,1067.217,5107.343
15600,4499.872,985.957,5255.938
15630,4344.667,903.663,5399.009
15660,4184.908,820.422,5536.406
15690,4020.764,736.321,5667.986
15720,3852.406,651.448,5793.610
15750,3680.012,565.893,5913.148
15780,3503.763,479.745,6026.473
15810,3323.843,393.095,6133.469
15840,3140.441,306.033,6234.022
15870,2953.750,218.650,6328.028
15900,2763.966,131.039,6415.389
15930,2571.287,43.290,6496.013
15960,2375.916,-44.505,6569.817
15990,2178.057,-132.252,6636.723
16020,1977.917,-219.861,6696.661
16050,1775.707,-307.240,6749.569
16080,1571.638,-394.297,6795.392
16110,1365.924,-480.942,6834.082
16140,1158.779,-567.083,6865.599
16170,950.422,-652.630,6889.909
16200,741.070,-737.494,6906.988
16230,530.942,-821.587,6916.818
16260,320.259,-904.819,6919.388
16290,109.240,-987.104,6914.696
16320,-101.893,-1068.356,6902.746
16350,-312.920,-1148.490,6883.552
16380,-523.619,-1227.421,6857.132
16410,-733.769,-1305.068,6823.515
16440,-943.152,-1381.348,6782.736
16470,-1151.548,-1456.183,6734.837
16500,-1358.737,-1529.492,6679.868
16530,-1564.505,-1601.201,6617.887
16560,-1768.634,-1671.233,6548.957
16590,-1970.911,-1739.515,6473.152
16620,-2171.125,-1805.976,6390.550
16650,-2369.065,-1870.545,6301.237
16680,-2564.523,-1933.155,6205.307
16710,-2757.295,-1993.740,6102.859
16740,-2947.180,-2052.237,5994.002
16770,-3133.976,-2108.584,5878.848
16800,-3317.489,-2162.722,5757.518
16830,-3497.527,-2214.593,5630.139
16860,-3673.899,-2264.144,5496.844
16890,-3846.421,-2311.322,5357.773
16920,-4014.911,-2356.078,5213.071
16950,-4179.193,-2398.364,5062.890
16980,-4339.094,-2438.136,4907.388
17010,-4494.446,-2475.351,4746.726
17040,-4645.085,-2509.972,4581.074
17070,-4790.854,-2541.960,4410.606
17100,-4931.599,-2571.283,4235.499
17130,-5067.172,-2597.909,4055.939
17160,-5197.430,-2621.810,3872.114
17190,-5322.237,-2642.961,3684.216
17220,-5441.461,-2661.341,3492.442
17250,-5554.977,-2676.928,3296.996
17280,-5662.666,-2689.707,3098.081
17310,-5764.414,-2699.664,2895.908
17340,-5860.114,-2706.789,2690.688
17370,-5949.666,-2711.074,2482.638
17400,-6032.976,-2712.515,2271.976
17430,-6109.957,-2711.110,2058.923
17460,-6180.527,-2706.861,1843.705
17490,-6244.613,-2699.772,1626.548
17520,-6302.148,-2689.851,1407.679
17550,-6353.072,-2677.108,1187.330
17580,-6397.332,-2661.556,965.732
17610,-6434.881,-2643.213,743.118
17640,-6465.681,-2622.097,519.722
17670,-6489.700,-2598.232,295.780
17700,-6506.913,-2571.642,71.527
17730,-6517.304,-2542.355,-152.801
17760,-6520.861,-2510.403,-376.968
17790,-6517.583,-2475.819,-600.740
17820,-6507.474,-2438.640,-823.880
17850,-6490.545,-2398.906,-1046.154
17880,-6466.815,-2356.658,-1267.329
17910,-6436.310,-2311.941,-1487.173
17940,-6399.064,-2264.802,-1705.455
17970,-6355.116,-2215.292,-1921.946
18000,-6304.514,-2163.462,-2136.419
18030,-6247.312,-2109.368,-2348.650
18060,-6183.572,-2053.065,-2558.416
18090,-6113.362,-1994.615,-2765.498
18120,-6036.756,-1934.078,-2969.679
18150,-5953.837,-1871.518,-3170.745
18180,-5864.692,-1807.001,-3368.488
18210,-5769.417,-1740.595,-3562.699
18240,-5668.112,-1672.371,-3753.177
18270,-5560.884,-1602.398,-3939.723
18300,-5447.848,-1530.752,-4122.143
18330,-5329.123,-1457.508,-4300.246
18360,-5204.833,-1382.741,-4473.848
18390,-5075.112,-1306.532,-4642.767
18420,-4940.094,-1228.959,-4806.828
18450,-4799.922,-1150.104,-4965.861
18480,-4654.745,-1070.049,-5119.701
18510,-4504.713,-988.879,-5268.188
18540,-4349.986,-906.677,-5411.169
18570,-4190.725,-823.531,-5548.495
18600,-4027.098,-739.527,-5680.024
18630,-3859.276,-654.752,-5805.620
18660,-3687.434,-569.296,-5925.153
18690,-3511.753,-483.247,-6038.500
18720,-3332.416,-396.694,-6145.544
18750,-3149.611,-309.729,-6246.174
18780,-2963.528,-222.441,-6340.286
18810,-2774.361,-134.922,-6427.784
18840,-2582.309,-47.263,-6508.578
18870,-2387.570,40.446,-6582.583
18900,-2190.349,128.112,-6649.724
18930,-1990.850,215.645,-6709.932
18960,-1789.282,302.954,-6763.145
18990,-1585.853,389.949,-6809.309
19020,-1380.775,476.537,-6848.374
19050,-1174.263,562.631,-6880.303
19080,-966.530,648.140,-6905.061
19110,-757.793,732.975,-6922.624
19140,-548.268,817.048,-6932.973
19170,-338.173,900.272,-6936.097
19200,-127.727,982.561,-6931.994
19230,82.852,1063.829,-6920.667
19260,293.345,1143.991,-6902.129
19290,503.533,1222.964,-6876.398
19320,713.197,1300.666,-6843.501
19350,922.121,1377.016,-6803.472
19380,1130.085,1451.935,-6756.351
19410,1336.875,1525.345,-6702.187
19440,1542.275,1597.168,-6641.037
19470,1746.071,1667.331,-6572.962
19500,1948.052,1735.759,-6498.033
19530,2148.006,1802.383,-6416.326
19560,2345.725,1867.131,-6327.927
19590,2541.004,1929.937,-6232.927
19620,2733.639,1990.734,-6131.422
19650,2923.428,2049.459,-6023.519
19680,3110.174,2106.051,-5909.327
19710,3293.682,2160.449,-5788.966
19740,3473.759,2212.598,-5662.559
19770,3650.217,2262.442,-5530.237
19800,3822.872,2309.928,-5392.138
19830,3991.542,2355.007,-5248.403
19860,4156.052,2397.630,-5099.182
19890,4316.227,2437.754,-4944.630
19920,4471.901,2475.335,-4784.907
19950,4622.910,2510.333,-4620.178
19980,4769.094,2542.712,-4450.615
20010,4910.301,2572.437,-4276.394
20040,5046.381,2599.476,-4097.696
20070,5177.190,2623.801,-3914.707
20100,5302.592,2645.384,-3727.617
20130,5422.453,2664.204,-3536.623
20160,5536.646,2680.239,-3341.922
20190,5645.052,2693.472,-3143.718
20220,5747.555,2703.888,-2942.218
20250,5844.047,2711.477,-2737.632
20280,5934.425,2716.229,-2530.175
20310,6018.593,2718.139,-2320.063
20340,6096.462,2717.204,-2107.517
20370,6167.950,2713.425,-1892.758
20400,6232.979,2706.804,-1676.012
20430,6291.480,2697.349,-1457.506
20460,6343.391,2685.068,-1237.469
20490,6388.657,2669.974,-1016.132
20520,6427.229,2652.083,-793.728
20550,6459.064,2631.412,-570.490
20580,6484.130,2607.984,-346.652
20610,6502.399,2581.821,-122.449
20640,6513.850,2552.951,101.882
20670,6518.471,2521.405,326.106
20700,6516.256,2487.214,549.987
20730,6507.208,2450.415,773.290
20760,6491.334,2411.046,995.779
20790,6468.651,2369.147,1217.221
20820,6439.183,2324.764,1437.383
20850,6402.960,2277.941,1656.033
20880,6360.019,2228.729,1872.940
20910,6310.406,2177.179,2087.878
20940,6254.173,2123.345,2300.619
20970,6191.378,2067.282,2510.940
21000,6122.087,2009.051,2718.620
21030,6046.374,1948.713,2923.440
21060,5964.317,1886.330,3125.184
21090,5876.003,1821.967,3323.641
21120,5781.525,1755.694,3518.602
21150,5680.983,1687.579,3709.862
21180,5574.481,1617.694,3897.220
21210,5462.133,1546.112,4080.479
21240,5344.056,1472.908,4259.448
21270,5220.374,1398.160,4433.937
21300,5091.218,1321.946,4603.764
21330,4956.724,1244.345,4768.750
21360,4817.032,1165.440,4928.724
21390,4672.291,1085.313,5083.516
21420,4522.652,1004.048,5232.964
21450,4368.272,921.731,5376.913
21480,4209.314,838.448,5515.211
21510,4045.945,754.286,5647.714
21540,3878.336,669.334,5774.282
21570,3706.663,583.681,5894.784
21600,3531.107,497.416,6009.093
21630,3351.852,410.630,6117.090
21660,3169.086,323.413,6218.662
21690,2983.001,235.859,6313.703
21720,2793.791,148.057,6402.114
21750,2601.656,60.100,6483.801
21780,2406.796,-27.920,6558.681
21810,2209.416,-115.911,6626.675
21840,2009.723,-203.780,6687.712
21870,1807.926,-291.436,6741.728
21900,1604.236,-378.787,6788.667
21930,1398.867,-465.741,6828.480
21960,1192.033,-552.208,6861.126
21990,983.951,-638.097,6886.569
22020,774.840,-723.317,6904.785
22050,564.917,-807.781,6915.754
22080,354.404,-891.399,6919.465
22110,143.519,-974.084,6915.913
22140,-67.516,-1055.749,6905.102
22170,-278.480,-1136.310,6887.044
22200,-489.153,-1215.681,6861.757
22230,-699.314,-1293.779,6829.269
22260,-908.742,-1370.523,6789.612
22290,-1117.220,-1445.832,6742.827
22320,-1324.528,-1519.628,6688.965
22350,-1530.449,-1591.832,6628.081
22380,-1734.767,-1662.370,6560.238
22410,-1937.270,-1731.167,6485.507
22440,-2137.743,-1798.152,6403.967
22470,-2335.978,-1863.253,6315.702
22500,-2531.767,-1926.403,6220.804
22530,-2724.903,-1987.535,6119.373
22560,-2915.186,-2046.586,6011.515
22590,-3102.414,-2103.492,5897.342
22620,-3286.392,-2158.195,5776.974
22650,-3466.927,-2210.636,5650.536
22680,-3643.829,-2260.760,5518.161
22710,-3816.912,-2308.516,5379.988
22740,-3985.994,-2353.852,5236.160
22770,-4150.899,-2396.720,5086.829
22800,-4311.452,-2437.077,4932.152
22830,-4467.486,-2474.878,4772.289
22860,-4618.835,-2510.084,4607.410
22890,-4765.341,-2542.659,4437.686
22920,-4906.850,-2572.567,4263.296
22950,-5043.213,-2599.777,4084.423
22980,-5174.287,-2624.260,3901.255
23010,-5299.933,-2645.991,3713.983
23040,-5420.020,-2664.947,3522.806
23070,-5534.422,-2681.106,3327.923
23100,-5643.018,-2694.454,3129.539
23130,-5745.693,-2704.974,2927.863
23160,-5842.341,-2712.657,2723.108
23190,-5932.860,-2717.494,2515.488
23220,-6017.154,-2719.480,2305.221
23250,-6095.135,-2718.613,2092.530
23280,-6166.721,-2714.893,1877.637
23310,-6231.838,-2708.325,1660.769
23340,-6290.417,-2698.916,1442.154
23370,-6342.397,-2686.676,1222.022
23400,-6387.724,-2671.617,1000.604
23430,-6426.350,-2653.756,778.135
23460,-6458.236,-2633.111,554.846
23490,-6483.349,-2609.705,330.975
23520,-6501.663,-2583.563,106.755
23550,-6513.160,-2554.711,-117.577
23580,-6517.827,-2523.180,-341.785
23610,-6515.663,-2489.005,-565.634
23640,-6506.668,-2452.221,-788.888
23670,-6490.855,-2412.867,-1011.314
23700,-6468.240,-2370.984,-1232.677
23730,-6438.849,-2326.618,-1452.745
23760,-6402.713,-2279.814,-1671.287
23790,-6359.872,-2230.623,-1888.074
23820,-6310.371,-2179.096,-2102.879
23850,-6254.265,-2125.289,-2315.477
23880,-6191.613,-2069.256,-2525.645
23910,-6122.481,-2011.059,-2733.162
23940,-6046.945,-1950.757,-2937.813
23970,-5965.084,-1888.415,-3139.383
24000,-5876.986,-1824.099,-3337.661
24030,-5782.744,-1757.876,-3532.440
24060,-5682.458,-1689.815,-3723.518
24090,-5576.234,-1619.989,-3910.695
24120,-5464.186,-1548.470,-4093.775
24150,-5346.431,-1475.335,-4272.568
24180,-5223.093,-1400.659,-4446.889
24210,-5094.304,-1324.521,-4616.555
24240,-4960.199,-1247.001,-4781.390
24270,-4820.919,-1168.179,-4941.224
24300,-4676.611,-1088.140,-5095.891
24330,-4527.426,-1006.965,-5245.229
24360,-4373.521,-924.741,-5389.084
24390,-4215.058,-841.554,-5527.307
24420,-4052.203,-757.489,-5659.756
24450,-3885.127,-672.635,-5786.292
24480,-3714.004,-587.081,-5906.786
24510,-3539.014,-500.915,-6021.112
24540,-3360.340,-414.228,-6129.154
24570,-3178.168,-327.109,-6230.798
24600,-2992.689,-239.651,-6325.941
24630,-2804.095,-151.942,-6414.483
24660,-2612.585,-64.076,-6496.336
24690,-2418.357,23.857,-6571.412
24720,-2221.614,111.765,-6639.636
24750,-2022.561,199.557,-6700.938
24780,-1821.406,287.141,-6755.253
24810,-1618.357,374.427,-6802.527
24840,-1413.625,461.323,-6842.710
24870,-1207.424,547.740,-6875.762
24900,-999.968,633.588,-6901.648
24930,-791.473,718.778,-6920.342
24960,-582.156,803.220,-6931.825
24990,-372.233,886.828,-6936.084
25020,-161.924,969.514,-6933.116
25050,48.554,1051.192,-6922.923
25080,258.981,1131.778,-6905.517
25110,469.139,1211.188,-6880.914
25140,678.809,1289.339,-6849.140
25170,887.774,1366.150,-6810.229
25200,1095.816,1441.541,-6764.218
25230,1302.719,1515.433,-6711.157
25260,1508.268,1587.750,-6651.100
25290,1712.248,1658.416,-6584.108
25320,1914.447,1727.357,-6510.250
25350,2114.656,1794.501,-6429.603
25380,2312.664,1859.779,-6342.249
25410,2508.267,1923.122,-6248.279
25440,2701.259,1984.463,-6147.789
25470,2891.439,2043.739,-6040.883
25500,3078.610,2100.888,-5927.672
25530,3262.575,2155.849,-5808.271
25560,3443.142,2208.565,-5682.805
25590,3620.122,2258.980,-5551.404
25620,3793.331,2307.041,-5414.202
25650,3962.586,2352.698,-5271.343
25680,4127.710,2395.902,-5122.973
25710,4288.531,2436.609,-4969.248
25740,4444.878,2474.773,-4810.326
25770,4596.589,2510.357,-4646.372
25800,4743.503,2543.320,-4477.556
25830,4885.466,2573.629,-4304.055
25860,5022.329,2601.251,-4126.048
25890,5153.946,2626.157,-3943.720
25920,5280.181,2648.320,-3757.262
25950,5400.898,2667.715,-3566.867
25980,5515.970,2684.322,-3372.735
26010,5625.277,2698.124,-3175.067
26040,5728.702,2709.104,-2974.071
26070,5826.135,2717.251,-2769.956
26100,5917.474,2722.555,-2562.935
26130,6002.621,2725.010,-2353.225
26160,6081.485,2724.614,-2141.046
26190,6153.984,2721.365,-1926.620
26220,6220.039,2715.267,-1710.171
26250,6279.580,2706.326,-1491.926
26280,6332.544,2694.550,-1272.114
26310,6378.874,2679.951,-1050.966
26340,6418.520,2662.544,-828.714
26370,6451.439,2642.346,-605.591
26400,6477.597,2619.380,-381.831
26430,6496.964,2593.667,-157.671
26460,6509.520,2565.235,66.656
26490,6515.250,2534.113,290.912
26520,6514.148,2500.334,514.863
26550,6506.215,2463.933,738.272
26580,6491.457,2424.947,960.905
26610,6469.891,2383.418,1182.527
26640,6441.537,2339.389,1402.905
26670,6406.426,2292.905,1621.808
26700,6364.594,2244.017,1839.005
26730,6316.086,2192.773,2054.267
26760,6260.950,2139.230,2267.368
26790,6199.246,2083.442,2478.084
26820,6131.038,2025.468,2686.193
26850,6056.398,1965.369,2891.476
26880,5975.404,1903.208,3093.718
26910,5888.141,1839.051,3292.705
26940,5794.702,1772.964,3488.229
26970,5695.184,1705.018,3680.083
27000,5589.691,1635.283,3868.067
27030,5478.336,1563.833,4051.983
27060,5361.236,1490.743,4231.638
27090,5238.512,1416.089,4406.842
27120,5110.296,1339.950,4577.413
27150,4976.720,1262.407,4743.172
27180,4837.927,1183.539,4903.943
27210,4694.062,1103.431,5059.560
27240,4545.276,1022.167,5209.858
27270,4391.725,939.830,5354.681
27300,4233.572,856.509,5493.876
27330,4070.982,772.290,5627.298
27360,3904.126,687.262,5754.807
27390,3733.179,601.514,5876.270
27420,3558.321,515.135,5991.559
27450,3379.735,428.217,6100.555
27480,3197.609,340.851,6203.143
27510,3012.134,253.127,6299.216
27540,2823.504,165.138,6388.674
27570,2631.917,76.977,6471.423
27600,2437.574,-11.266,6547.378
27630,2240.679,-99.496,6616.458
27660,2041.437,-187.622,6678.591
27690,1840.059,-275.552,6733.713
27720,1636.754,-363.194,6781.767
27750,1431.735,-450.455,6822.702
27780,1225.218,-537.244,6856.475
27810,1017.418,-623.471,6883.052
27840,808.553,-709.046,6902.404
27870,598.842,-793.878,6914.512
27900,388.504,-877.880,6919.362
27930,177.760,-960.962,6916.950
27960,-33.171,-1043.039,6907.279
27990,-244.067,-1124.024,6890.358
28020,-454.707,-1203.832,6866.204
28050,-664.872,-1282.380,6834.844
28080,-874.340,-1359.586,6796.310
28110,-1082.894,-1435.368,6750.642
28140,-1290.313,-1509.648,6697.888
28170,-1496.382,-1582.347,6638.102
28200,-1700.884,-1653.389,6571.347
28230,-1903.605,-1722.701,6497.693
28260,-2104.332,-1790.208,6417.216
28290,-2302.856,-1855.841,6330.001
28320,-2498.969,-1919.530,6236.138
28350,-2692.464,-1981.208,6135.726
28380,-2883.138,-2040.811,6028.870
28410,-3070.792,-2098.276,5915.681
28440,-3255.229,-2153.543,5796.277
28470,-3436.256,-2206.554,5670.784
28500,-3613.681,-2257.252,5539.332
28530,-3787.320,-2305.585,5402.060
28560,-3956.989,-2351.501,5259.110
28590,-4122.511,-2394.953,5110.633
28620,-4283.711,-2435.894,4956.785
28650,-4440.420,-2474.281,4797.726
28680,-4592.474,-2510.075,4633.623
28710,-4739.713,-2543.236,4464.648
28740,-4881.981,-2573.730,4290.978
28770,-5019.129,-2601.526,4112.797
28800,-5151.013,-2626.592,3930.290
28830,-5277.495,-2648.904,3743.650
28860,-5398.441,-2668.438,3553.073
28890,-5513.724,-2685.172,3358.758
28920,-5623.223,-2699.089,3160.911
28950,-5726.822,-2710.175,2959.738
28980,-5824.414,-2718.417,2755.452
29010,-5915.895,-2723.808,2548.267
29040,-6001.170,-2726.341,2338.402
29070,-6080.148,-2726.013,2126.077
29100,-6152.747,-2722.826,1911.515
29130,-6218.892,-2716.782,1694.942
29160,-6278.512,-2707.888,1476.586
29190,-6331.545,-2696.153,1256.677
29220,-6377.937,-2681.590,1035.446
29250,-6417.639,-2664.214,813.126
29280,-6450.609,-2644.043,589.951
29310,-6476.814,-2621.100,366.156
29340,-6496.227,-2595.407,141.976
29370,-6508.828,-2566.993,-82.354
29400,-6514.604,-2535.888,-306.598
29430,-6513.551,-2502.125,-530.518
29460,-6505.671,-2465.739,-753.882
29490,-6490.973,-2426.768,-976.453
29520,-6469.473,-2385.255,-1197.998
29550,-6441.195,-2341.242,-1418.284
29580,-6406.170,-2294.778,-1637.081
29610,-6364.436,-2245.909,-1854.159
29640,-6316.037,-2194.690,-2069.290
29670,-6261.026,-2141.172,-2282.249
29700,-6199.463,-2085.414,-2492.813
29730,-6131.411,-2027.473,-2700.761
29760,-6056.945,-1967.411,-2905.876
29790,-5976.144,-1905.291,-3107.943
29820,-5889.094,-1841.179,-3306.752
29850,-5795.887,-1775.143,-3502.094
29880,-5696.622,-1707.250,-3693.767
29910,-5591.405,-1637.574,-3881.569
29940,-5480.346,-1566.187,-4065.305
29970,-5363.564,-1493.165,-4244.784
30000,-5241.182,-1418.583,-4419.818
30030,-5113.328,-1342.520,-4590.227
30060,-4980.139,-1265.057,-4755.833
30090,-4841.753,-1186.274,-4916.463
30120,-4698.317,-1106.253,-5071.952
30150,-4549.982,-1025.079,-5222.137
30180,-4396.904,-942.836,-5366.863
30210,-4239.243,-859.610,-5505.980
30240,-4077.164,-775.489,-5639.345
30270,-3910.838,-690.559,-5766.819
30300,-3740.438,-604.911,-5888.270
30330,-3566.144,-518.632,-6003.572
30360,-3388.137,-431.814,-6112.608
30390,-3206.603,-344.546,-6215.264
30420,-3021.732,-256.920,-6311.434
30450,-2833.717,-169.026,-6401.020
30480,-2642.754,-80.956,-6483.928
30510,-2449.042,7.197,-6560.074
30540,-2252.783,95.344,-6629.379
30570,-2054.182,183.391,-6691.772
30600,-1853.445,271.248,-6747.188
30630,-1650.780,358.822,-6795.571
30660,-1446.400,446.024,-6836.871
30690,-1240.517,532.761,-6871.045
30720,-1033.344,618.946,-6898.058
30750,-825.097,704.487,-6917.883
30780,-615.993,789.296,-6930.499
30810,-406.248,873.284,-6935.893
30840,-196.082,956.365,-6934.060
30870,14.289,1038.452,-6925.001
30900,224.644,1119.460,-6908.727
30930,434.766,1199.305,-6885.252
30960,644.436,1277.903,-6854.603
30990,853.437,1355.173,-6816.809
31020,1061.550,1431.034,-6771.911
31050,1268.560,1505.408,-6719.954
31080,1474.250,1578.216,-6660.991
31110,1678.408,1649.384,-6595.083
31140,1880.821,1718.836,-6522.299
31170,2081.277,1786.500,-6442.713
31200,2279.568,1852.306,-6356.406
31230,2475.488,1916.185,-6263.469
31260,2668.832,1978.071,-6163.996
31290,2859.397,2037.897,-6058.090
31320,3046.987,2095.602,-5945.861
31350,3231.404,2151.125,-5827.425
31380,3412.455,2204.407,-5702.903
31410,3589.952,2255.394,-5572.424
31440,3763.709,2304.030,-5436.124
31470,3933.543,2350.266,-5294.143
31500,4099.276,2394.051,-5146.629
31530,4260.736,2435.340,-4993.734
31560,4417.752,2474.090,-4835.617
31590,4570.160,2510.258,-4672.442
31620,4717.798,2543.807,-4504.379
31650,4860.513,2574.701,-4331.601
31680,4998.154,2602.908,-4154.289
31710,5130.575,2628.396,-3972.627
31740,5257.637,2651.138,-3786.805
31770,5379.206,2671.111,-3597.015
31800,5495.153,2688.292,-3403.456
31830,5605.356,2702.664,-3206.330
31860,5709.699,2714.209,-3005.843
31890,5808.070,2722.916,-2802.203
31920,5900.365,2728.774,-2595.624
31950,5986.487,2731.777,-2386.322
31980,6066.344,2731.922,-2174.516
32010,6139.850,2729.206,-1960.428
32040,6206.928,2723.634,-1744.281
32070,6267.507,2715.209,-1526.303
32100,6321.520,2703.940,-1306.721
32130,6368.912,2689.838,-1085.768
32160,6409.630,2672.918,-863.673
32190,6443.631,2653.197,-640.672
32220,6470.879,2630.695,-416.996
32250,6491.343,2605.436,-192.883
32280,6505.002,2577.445,31.433
32310,6511.840,2546.751,255.717
32340,6511.850,2513.387,479.731
32370,6505.031,2477.387,703.241
32400,6491.389,2438.789,926.011
32430,6470.938,2397.632,1147.808
32460,6443.699,2353.961,1368.397
32490,6409.700,2307.820,1587.546
32520,6368.977,2259.258,1805.026
32550,6321.573,2208.326,2020.607
32580,6267.536,2155.077,2234.063
32610,6206.924,2099.567,2445.168
32640,6139.800,2041.854,2653.701
32670,6066.234,1981.999,2859.442
32700,5986.304,1920.065,3062.175
32730,5900.094,1856.116,3261.688
32760,5807.694,1790.220,3457.769
32790,5709.202,1722.446,3650.213
32820,5604.721,1652.866,3838.818
32850,5494.362,1581.552,4023.386
32880,5378.240,1508.579,4203.722
32910,5256.478,1434.024,4379.638
32940,5129.203,1357.965,4550.948
32970,4996.550,1280.482,4717.474
33000,4858.658,1201.657,4879.040
33030,4715.672,1121.571,5035.477
33060,4567.742,1040.310,5186.620
33090,4415.025,957.959,5332.313
33120,4257.680,874.603,5472.401
33150,4095.873,790.331,5606.739
33180,3929.774,705.231,5735.185
33210,3759.558,619.392,5857.606
33240,3585.402,532.904,5973.873
33270,3407.490,445.857,6083.864
33300,3226.009,358.344,6187.466
33330,3041.149,270.455,6284.568
33360,2853.104,182.283,6375.071
33390,2662.070,93.920,6458.880
33420,2468.249,5.459,6535.906
33450,2271.844,-83.008,6606.070
33480,2073.059,-171.388,6669.299
33510,1872.105,-259.589,6725.526
33540,1669.190,-347.518,6774.693
33570,1464.528,-435.083,6816.748
33600,1258.333,-522.192,6851.648
33630,1050.821,-608.755,6879.356
33660,842.209,-694.681,6899.844
33690,632.715,-779.879,6913.090
33720,422.559,-864.262,6919.081
33750,211.961,-947.739,6917.809
33780,1.140,-1030.225,6909.277
33810,-209.681,-1111.632,6893.493
33840,-420.283,-1191.875,6870.473
33870,-630.445,-1270.871,6840.243
33900,-839.947,-1348.537,6802.832
33930,-1048.570,-1424.791,6758.281
33960,-1256.095,-1499.553,6706.636
33990,-1462.305,-1572.745,6647.950
34020,-1666.984,-1644.291,6582.284
34050,-1869.918,-1714.115,6509.708
34080,-2070.893,-1782.144,6430.297
34110,-2269.700,-1848.307,6344.134
34140,-2466.130,-1912.534,6251.309
34170,-2659.977,-1974.758,6151.918
34200,-2851.038,-2034.913,6046.066
34230,-3039.112,-2092.937,5933.864
34260,-3224.002,-2148.768,5815.428
34290,-3405.514,-2202.348,5690.882
34320,-3583.458,-2253.620,5560.357
34350,-3757.646,-2302.530,5423.989
34380,-3927.897,-2349.027,5281.921
34410,-4094.030,-2393.062,5134.301
34440,-4255.872,-2434.588,4981.286
34470,-4413.252,-2473.562,4823.034
34500,-4566.005,-2509.943,4659.711
34530,-4713.970,-2543.692,4491.490
34560,-4856.993,-2574.774,4318.546
34590,-4994.921,-2603.155,4141.060
34620,-5127.611,-2628.806,3959.220
34650,-5254.924,-2651.701,3773.217
34680,-5376.724,-2671.813,3583.244
34710,-5492.884,-2689.123,3389.503
34740,-5603.282,-2703.612,3192.196
34770,-5707.802,-2715.265,2991.532
34800,-5806.333,-2724.069,2787.720
34830,-5898.773,-2730.016,2580.977
34860,-5985.025,-2733.098,2371.517
34890,-6064.997,-2733.312,2159.564
34920,-6138.606,-2730.659,1945.338
34950,-6205.775,-2725.142,1729.066
34980,-6266.433,-2716.765,1510.975
35010,-6320.518,-2705.538,1291.295
35040,-6367.972,-2691.473,1070.256
35070,-6408.746,-2674.585,848.092
35100,-6442.799,-2654.891,625.036
35130,-6470.094,-2632.413,401.322
35160,-6490.604,-2607.175,177.187
35190,-6504.308,-2579.202,-47.135
35220,-6511.192,-2548.526,-271.407
35250,-6511.250,-2515.177,-495.394
35280,-6504.484,-2479.192,-718.860
35310,-6490.900,-2440.609,-941.571
35340,-6470.514,-2399.469,-1163.293
35370,-6443.349,-2355.814,-1383.792
35400,-6409.435,-2309.692,-1602.838
35430,-6368.807,-2261.150,-1820.201
35460,-6321.511,-2210.241,-2035.652
35490,-6267.597,-2157.018,-2248.967
35520,-6207.122,-2101.537,-2459.921
35550,-6140.152,-2043.857,-2668.295
35580,-6066.757,-1984.039,-2873.869
35610,-5987.017,-1922.145,-3076.429
35640,-5901.017,-1858.241,-3275.763
35670,-5808.846,-1792.395,-3471.663
35700,-5710.604,-1724.675,-3663.924
35730,-5606.395,-1655.153,-3852.347
35760,-5496.329,-1583.901,-4036.734
35790,-5380.522,-1510.996,-4216.894
35820,-5259.097,-1436.513,-4392.638
35850,-5132.183,-1360.530,-4563.785
35880,-4999.912,-1283.127,-4730.156
35910,-4862.424,-1204.385,-4891.579
35940,-4719.864,-1124.388,-5047.886
35970,-4572.383,-1043.217,-5198.914
36000,-4420.134,-960.959,-5344.507
36030,-4263.279,-877.700,-5484.515
36060,-4101.980,-793.526,-5618.792
36090,-3936.408,-708.525,-5747.199
36120,-3766.736,-622.786,-5869.604
36150,-3593.142,-536.398,-5985.880
36180,-3415.806,-449.452,-6095.908
36210,-3234.915,-362.039,-6199.572
36240,-3050.658,-274.248,-6296.768
36270,-2863.226,-186.172,-6387.393
36300,-2672.815,-97.903,-6471.356
36330,-2479.624,-9.531,-6548.569
36360,-2283.854,78.850,-6618.953
36390,-2085.710,167.150,-6682.435
36420,-1885.396,255.275,-6738.951
36450,-1683.123,343.135,-6788.441
36480,-1479.100,430.639,-6830.856
36510,-1273.540,517.695,-6866.152
36540,-1066.656,604.213,-6894.291
36570,-858.663,690.102,-6915.246
36600,-649.778,775.275,-6928.995
36630,-440.217,859.642,-6935.524
36660,-230.200,943.116,-6934.826
36690,-19.943,1025.609,-6926.901
36720,190.335,1107.037,-6911.758
36750,400.415,1187.314,-6889.413
36780,610.079,1266.357,-6859.888
36810,819.109,1344.084,-6823.214
36840,1027.287,1420.414,-6779.428
36870,1234.397,1495.268,-6728.576
36900,1440.224,1568.566,-6670.709
36930,1644.554,1640.234,-6605.888
36960,1847.173,1710.196,-6534.178
36990,2047.871,1778.380,-6455.655
37020,2246.439,1844.713,-6370.398
37050,2442.670,1909.128,-6278.495
37080,2636.359,1971.555,-6180.042
37110,2827.304,2031.931,-6075.139
37140,3015.306,2090.192,-5963.895
37170,3200.169,2146.277,-5846.425
37200,3381.699,2200.126,-5722.850
37230,3559.707,2251.684,-5593.298
37260,3734.005,2300.895,-5457.903
37290,3904.413,2347.709,-5316.804
37320,4070.751,2392.076,-5170.149
37350,4232.844,2433.949,-5018.088
37380,4390.523,2473.283,-4860.780
37410,4543.622,2510.037,-4698.388
37440,4691.981,2544.173,-4531.081
37470,4835.442,2575.653,-4359.031
37500,4973.856,2604.444,-4182.419
37530,5107.076,2630.516,-4001.427
37560,5234.961,2653.840,-3816.245
37590,5357.377,2674.392,-3627.066
37620,5474.195,2692.149,-3434.085
37650,5585.291,2707.091,-3237.505
37680,5690.547,2719.204,-3037.532
37710,5789.852,2728.472,-2834.373
37740,5883.100,2734.887,-2628.241
37770,5970.193,2738.440,-2419.352
37800,6051.039,2739.128,-2207.924
37830,6125.550,2736.948,-1994.179
37860,6193.648,2731.902,-1778.341
37890,6255.261,2723.996,-1560.635
37920,6310.322,2713.237,-1341.290
37950,6358.772,2699.636,-1120.537
37980,6400.560,2683.206,-898.606
38010,6435.641,2663.964,-675.731
38040,6463.976,2641.930,-452.146
38070,6485.536,2617.127,-228.085
38100,6500.297,2589.580,-3.785
38130,6508.242,2559.318,220.519
38160,6509.362,2526.372,444.592
38190,6503.656,2490.777,668.196
38220,6491.129,2452.569,891.098
38250,6471.793,2411.789,1113.063
38280,6445.668,2368.479,1333.857
38310,6412.782,2322.684,1553.249
38340,6373.168,2274.453,1771.006
38370,6326.868,2223.836,1986.900
38400,6273.930,2170.885,2200.704
38430,6214.410,2115.657,2412.193
38460,6148.371,2058.209,2621.145
38490,6075.880,1998.602,2827.339
38520,5997.016,1936.898,3030.558
38550,5911.860,1873.162,3230.590
38580,5820.502,1807.461,3427.224
38610,5723.038,1739.864,3620.253
38640,5619.571,1670.442,3809.474
38670,5510.209,1599.267,3994.688
38700,5395.069,1526.416,4175.701
38730,5274.270,1451.963,4352.323
38760,5147.940,1375.988,4524.369
38790,5016.212,1298.570,4691.657
38820,4879.224,1219.790,4854.013
38850,4737.121,1139.732,5011.266
38880,4590.052,1058.479,5163.252
38910,4438.171,976.116,5309.810
38940,4281.639,892.730,5450.788
38970,4120.619,808.409,5586.038
39000,3955.281,723.240,5715.418
39030,3785.799,637.314,5838.793
39060,3612.350,550.720,5956.034
39090,3435.117,463.549,6067.019
39120,3254.285,375.892,6171.631
39150,3070.045,287.842,6269.760
39180,2882.589,199.490,6361.306
39210,2692.115,110.929,6446.171
39240,2498.821,22.252,6524.267
39270,2302.910,-66.448,6595.513
39300,2104.589,-155.079,6659.835
39330,1904.064,-243.547,6717.165
39360,1701.545,-331.760,6767.444
39390,1497.246,-419.626,6810.619
39420,1291.379,-507.053,6846.644
39450,1084.160,-593.948,6875.484
39480,875.806,-680.222,6897.107
39510,666.535,-765.785,6911.490
39540,456.567,-850.545,6918.620
39570,246.121,-934.415,6918.488
39600,35.417,-1017.307,6911.095
39630,-175.324,-1099.135,6896.449
39660,-385.881,-1179.812,6874.564
39690,-596.034,-1259.253,6845.463
39720,-805.564,-1337.377,6809.177
39750,-1014.250,-1414.100,6765.744
39780,-1221.874,-1489.344,6715.209
39810,-1428.220,-1563.028,6657.624
39840,-1633.070,-1635.075,6593.050
39870,-1836.209,-1705.411,6521.554
39900,-2037.427,-1773.960,6443.210
39930,-2236.510,-1840.652,6358.101
39960,-2433.252,-1905.416,6266.316
39990,-2627.445,-1968.185,6167.949
40020,-2818.886,-2028.892,6063.104
40050,-3007.374,-2087.474,5951.891
40080,-3192.711,-2143.869,5834.425
40110,-3374.703,-2198.017,5710.830
40140,-3553.159,-2249.863,5581.234
40170,-3727.892,-2299.350,5445.774
40200,-3898.718,-2346.428,5304.591
40230,-4065.457,-2391.047,5157.833
40260,-4227.935,-2433.159,5005.654
40290,-4385.980,-2472.720,4848.213
40320,-4539.427,-2509.689,4685.675
40350,-4688.115,-2544.027,4518.211
40380,-4831.886,-2575.696,4345.997
40410,-4970.591,-2604.665,4169.212
40440,-5104.082,-2630.902,3988.043
40470,-5232.220,-2654.380,3802.680
40500,-5354.870,-2675.073,3613.318
40530,-5471.903,-2692.961,3420.155
40560,-5583.196,-2708.023,3223.394
40590,-5688.631,-2720.244,3023.243
40620,-5788.099,-2729.612,2819.912
40650,-5881.494,-2736.116,2613.614
40680,-5968.719,-2739.750,2404.567
40710,-6049.682,-2740.509,2192.990
40740,-6124.297,-2738.393,1979.106
40770,-6192.488,-2733.404,1763.141
40800,-6254.182,-2725.547,1545.320
40830,-6309.315,-2714.831,1325.874
40860,-6357.829,-2701.267,1105.033
40890,-6399.674,-2684.869,883.031
40920,-6434.806,-2665.656,660.099
40950,-6463.190,-2643.647,436.473
40980,-6484.795,-2618.865,212.389
41010,-6499.601,-2591.337,-11.919
41040,-6507.591,-2561.092,-236.215
41070,-6508.759,-2528.162,-460.262
41100,-6503.105,-2492.582,-683.825
41130,-6490.635,-2454.389,-906.670
41160,-6471.363,-2413.625,-1128.562
41190,-6445.311,-2370.332,-1349.269
41220,-6412.507,-2324.555,-1568.558
41250,-6372.987,-2276.344,-1786.200
41280,-6326.793,-2225.749,-2001.967
41310,-6273.975,-2172.825,-2215.631
41340,-6214.591,-2117.625,-2426.971
41370,-6148.702,-2060.210,-2635.764
41400,-6076.381,-2000.639,-2841.791
41430,-5997.703,-1938.975,-3044.838
41460,-5912.753,-1875.284,-3244.692
41490,-5821.622,-1809.632,-3441.145
41520,-5724.405,-1742.088,-3633.991
41550,-5621.206,-1672.724,-3823.030
41580,-5512.134,-1601.612,-4008.063
41610,-5397.305,-1528.828,-4188.899
41640,-5276.840,-1454.447,-4365.349
41670,-5150.867,-1378.548,-4537.229
41700,-5019.518,-1301.210,-4704.362
41730,-4882.931,-1222.514,-4866.572
41760,-4741.251,-1142.543,-5023.693
41790,-4594.626,-1061.381,-5175.560
41820,-4443.211,-979.112,-5322.017
41850,-4287.165,-895.822,-5462.911
41880,-4126.651,-811.599,-5598.097
41910,-3961.837,-726.530,-5727.434
41940,-3792.897,-640.705,-5850.790
41970,-3620.007,-554.212,-5968.037
42000,-3443.348,-467.142,-6079.053
42030,-3263.104,-379.586,-6183.723
42060,-3079.465,-291.635,-6281.941
42090,-2892.621,-203.380,-6373.604
42120,-2702.767,-114.914,-6458.619
42150,-2510.103,-26.329,-6536.897
42180,-2314.827,62.285,-6608.358
42210,-2117.145,150.833,-6672.928
42240,-1917.261,239.224,-6730.542
42270,-1715.384,327.367,-6781.139
42300,-1511.723,415.170,-6824.667
42330,-1306.492,502.541,-6861.083
42360,-1099.902,589.389,-6890.348
42390,-892.169,675.625,-6912.433
42420,-683.509,761.159,-6927.314
42450,-474.139,845.902,-6934.977
42480,-264.276,929.766,-6935.413
42510,-54.138,1012.663,-6928.622
42540,156.055,1094.509,-6914.612
42570,366.087,1175.216,-6893.396
42600,575.738,1254.703,-6864.996
42630,784.791,1332.885,-6829.442
42660,993.028,1409.682,-6786.770
42690,1200.233,1485.013,-6737.024
42720,1406.190,1558.801,-6680.255
42750,1610.685,1630.968,-6616.521
42780,1813.505,1701.438,-6545.888
42810,2014.439,1770.140,-6468.429
42840,2213.277,1837.000,-6384.223
42870,2409.814,1901.948,-6293.358
42900,2603.842,1964.918,-6195.926
42930,2795.161,2025.843,-6092.029
42960,2983.570,2084.659,-5981.773
42990,3168.872,2141.305,-5865.272
43020,3350.875,2195.721,-5742.647
43050,3529.387,2247.849,-5614.025
43080,3704.223,2297.636,-5479.538
43110,3875.198,2345.029,-5339.325
43140,4042.134,2389.977,-5193.532
43170,4204.856,2432.434,-5042.309
43200,4363.193,2472.354,-4885.814
43230,4516.979,2509.695,-4724.209
43260,4666.052,2544.417,-4557.662
43290,4810.255,2576.484,-4386.345
43320,4949.436,2605.862,-4210.437
43350,5083.450,2632.518,-4030.121
43380,5212.154,2656.425,-3845.584
43410,5335.413,2677.557,-3657.018
43440,5453.097,2695.891,-3464.621
43470,5565.081,2711.406,-3268.593
43500,5671.246,2724.088,-3069.138
43530,5771.481,2733.920,-2866.465
43560,5865.679,2740.893,-2660.786
43590,5953.740,2744.998,-2452.315
43620,6035.571,2746.231,-2241.271
43650,6111.084,2744.589,-2027.875
43680,6180.199,2740.073,-1812.350
43710,6242.843,2732.689,-1594.922
43740,6298.948,2722.442,-1375.819
43770,6348.455,2709.343,-1155.271
43800,6391.311,2693.406,-933.510
43830,6427.469,2674.647,-710.767
43860,6456.890,2653.084,-487.278
43890,6479.544,2628.740,-263.277
43920,6495.405,2601.641,-38.998
43950,6504.455,2571.813,185.321
43980,6506.685,2539.289,409.445
44010,6502.091,2504.102,633.139
44040,6490.677,2466.288,856.167
44070,6472.456,2425.888,1078.295
44100,6447.445,2382.943,1299.288
44130,6415.671,2337.498,1518.915
44160,6377.166,2289.601,1736.944
44190,6331.971,2239.302,1953.146
44220,6280.133,2186.653,2167.293
44250,6221.706,2131.711,2379.161
44280,6156.751,2074.532,2588.525
44310,6085.338,2015.176,2795.167
44340,6007.540,1953.707,2998.868
44370,5923.439,1890.187,3199.414
44400,5833.124,1824.685,3396.595
44430,5736.691,1757.269,3590.203
44460,5634.239,1688.009,3780.035
44490,5525.878,1616.979,3965.891
44520,5411.721,1544.252,4147.577
44550,5291.888,1469.907,4324.900
44580,5166.506,1394.019,4497.676
44610,5035.706,1316.670,4665.723
44640,4899.626,1237.940,4828.865
44670,4758.409,1157.913,4986.930
44700,4612.203,1076.671,5139.752
44730,4461.163,994.301,5287.173
44760,4305.447,910.889,5429.037
44790,4145.218,826.522,5565.195
44820,3980.646,741.289,5695.506
44850,3811.902,655.279,5819.832
44880,3639.164,568.583,5938.044
44910,3462.614,481.291,6050.019
44940,3282.437,393.495,6155.638
44970,3098.821,305.286,6254.792
45000,2911.960,216.758,6347.377
45030,2722.049,128.003,6433.297
45060,2529.288,39.114,6512.461
45090,2333.878,-49.816,6584.788
45120,2136.024,-138.694,6650.201
45150,1935.934,-227.426,6708.632
45180,1733.817,-315.921,6760.021
45210,1529.885,-404.085,6804.314
45240,1324.352,-491.826,6841.464
45270,1117.432,-579.052,6871.434
45300,909.343,-665.671,6894.191
45330,700.301,-751.594,6909.712
45360,490.527,-836.731,6917.981
45390,280.239,-920.991,6918.989
45420,69.658,-1004.287,6912.735
45450,-140.996,-1086.533,6899.226
45480,-351.502,-1167.641,6878.476
45510,-561.641,-1247.526,6850.506
45540,-771.192,-1326.106,6815.345
45570,-979.935,-1403.298,6773.031
45600,-1187.653,-1479.020,6723.607
45630,-1394.127,-1553.194,6667.125
45660,-1599.141,-1625.742,6603.643
45690,-1802.481,-1696.587,6533.229
45720,-2003.934,-1765.657,6455.955
45750,-2203.289,-1832.877,6371.902
45780,-2400.335,-1898.177,6281.158
45810,-2594.868,-1961.490,6183.817
45840,-2786.683,-2022.748,6079.982
45870,-2975.579,-2081.887,5969.761
45900,-3161.358,-2138.845,5853.268
45930,-3343.824,-2193.562,5730.627
45960,-3522.787,-2245.981,5601.964
45990,-3698.058,-2296.046,5467.415
46020,-3869.453,-2343.705,5327.121
46050,-4036.793,-2388.908,5181.228
46080,-4199.901,-2431.606,5029.889
46110,-4358.607,-2471.755,4873.264
46140,-4512.743,-2509.313,4711.515
46170,-4662.147,-2544.239,4544.812
46200,-4806.663,-2576.498,4373.332
46230,-4946.138,-2606.055,4197.252
46260,-5080.426,-2632.879,4016.759
46290,-5209.385,-2656.942,3832.041
46320,-5332.880,-2678.217,3643.294
46350,-5450.782,-2696.683,3450.714
46380,-5562.965,-2712.321,3254.505
46410,-5669.313,-2725.113,3054.872
46440,-5769.712,-2735.046,2852.026
46470,-5864.059,-2742.110,2646.179
46500,-5952.254,-2746.297,2437.549
46530,-6034.204,-2747.602,2226.355
46560,-6109.823,-2746.025,2012.818
46590,-6179.032,-2741.567,1797.165
46620,-6241.758,-2734.233,1579.620
46650,-6297.937,-2724.031,1360.414
46680,-6347.508,-2710.970,1139.777
46710,-6390.422,-2695.067,917.942
46740,-6426.632,-2676.336,695.140
46770,-6456.102,-2654.798,471.608
46800,-6478.801,-2630.476,247.580
46830,-6494.707,-2603.396,23.292
46860,-6503.802,-2573.586,-201.021
46890,-6506.079,-2541.078,-425.123
46920,-6501.536,-2505.906,-648.778
46950,-6490.179,-2468.108,-871.751
46980,-6472.020,-2427.723,-1093.808
47010,-6447.081,-2384.795,-1314.716
47040,-6415.387,-2339.368,-1534.243
47070,-6376.974,-2291.491,-1752.158
47100,-6331.883,-2241.214,-1968.234
47130,-6280.163,-2188.591,-2182.243
47160,-6221.869,-2133.678,-2393.963
47190,-6157.063,-2076.531,-2603.169
47220,-6085.815,-2017.211,-2809.645
47250,-6008.201,-1955.781,-3013.174
47280,-5924.304,-1892.306,-3213.543
47310,-5834.213,-1826.852,-3410.543
47340,-5738.022,-1759.489,-3603.969
47370,-5635.836,-1690.287,-3793.618
47400,-5527.761,-1619.319,-3979.293
47430,-5413.912,-1546.660,-4160.800
47460,-5294.410,-1472.385,-4337.950
47490,-5169.381,-1396.574,-4510.560
47520,-5038.956,-1319.305,-4678.449
47550,-4903.274,-1240.659,-4841.444
47580,-4762.476,-1160.719,-4999.374
47610,-4616.712,-1079.568,-5152.076
47640,-4466.134,-997.292,-5299.392
47670,-4310.901,-913.976,-5441.169
47700,-4151.175,-829.708,-5577.261
47730,-3987.124,-744.575,-5707.525
47760,-3818.920,-658.667,-5831.829
47790,-3646.738,-572.072,-5950.042
47820,-3470.760,-484.882,-6062.044
47850,-3291.169,-397.188,-6167.718
47880,-3108.152,-309.080,-6266.955
47910,-2921.901,-220.650,-6359.654
47940,-2732.610,-131.991,-6445.718
47970,-2540.477,-43.194,-6525.059
48000,-2345.701,45.647,-6597.595
48030,-2148.486,134.441,-6663.251
48060,-1949.037,223.096,-6721.961
48090,-1747.562,311.518,-6773.663
48120,-1544.270,399.616,-6818.304
48150,-1339.372,487.300,-6855.839
48180,-1133.083,574.476,-6886.228
48210,-925.616,661.056,-6909.442
48240,-717.187,746.948,-6925.455
48270,-508.012,832.065,-6934.251
48300,-298.310,916.316,-6935.822
48330,-88.298,999.616,-6930.166
48360,121.806,1081.876,-6917.288
48390,331.783,1163.012,-6897.202
48420,541.416,1242.940,-6869.928
48450,750.486,1321.575,-6835.494
48480,958.776,1398.837,-6793.937
48510,1166.069,1474.645,-6745.298
48540,1372.150,1548.920,-6689.627
48570,1576.804,1621.584,-6626.982
48600,1779.818,1692.562,-6557.428
48630,1980.982,1761.780,-6481.035
48660,2180.085,1829.166,-6397.883
48690,2376.920,1894.648,-6308.056
48720,2571.282,1958.159,-6211.649
48750,2762.967,2019.632,-6108.759
48780,2951.777,2079.003,-5999.494
48810,3137.514,2136.209,-5883.966
48840,3319.984,2191.191,-5762.294
48870,3498.995,2243.891,-5634.604
48900,3674.362,2294.253,-5501.028
48930,3845.899,2342.224,-5361.705
48960,4013.428,2387.755,-5216.778
48990,4176.773,2430.795,-5066.397
49020,4335.763,2471.301,-4910.719
49050,4490.229,2509.229,-4749.905
49080,4640.012,2544.540,-4584.122
49110,4784.951,2577.195,-4413.542
49140,4924.896,2607.159,-4238.342
49170,5059.699,2634.401,-4058.706
49200,5189.217,2658.892,-3874.818
49230,5313.315,2680.606,-3686.872
49260,5431.860,2699.518,-3495.063
49290,5544.728,2715.609,-3299.591
49320,5651.799,2728.860,-3100.661
49350,5752.960,2739.258,-2898.479
49380,5848.103,2746.791,-2693.257
49410,5937.128,2751.450,-2485.210
49440,6019.941,2753.230,-2274.555
49470,6096.452,2752.128,-2061.513
49500,6166.581,2748.145,-1846.307
49530,6230.254,2741.285,-1629.163
49560,6287.401,2731.553,-1410.308
49590,6337.961,2718.960,-1189.971
49620,6381.882,2703.519,-968.385
49650,6419.115,2685.244,-745.780
49680,6449.621,2664.155,-522.393
49710,6473.367,2640.274,-298.456
49740,6490.326,2613.625,-74.205
49770,6500.480,2584.235,150.123
49800,6503.818,2552.136,374.294
49830,6500.335,2517.360,598.071
49860,6490.035,2479.944,821.219
49890,6472.927,2439.927,1043.504
49920,6449.030,2397.351,1264.691
49950,6418.368,2352.260,1484.547
49980,6380.972,2304.701,1702.843
50010,6336.882,2254.724,1919.346
50040,6286.144,2202.381,2133.831
50070,6228.810,2147.728,2346.071
50100,6164.942,2090.822,2555.843
50130,6094.606,2031.722,2762.926
50160,6017.876,1970.491,2967.103
50190,5934.832,1907.192,3168.159
50220,5845.562,1841.892,3365.882
50250,5750.160,1774.661,3560.064
50280,5648.727,1705.567,3750.502
50310,5541.368,1634.685,3936.996
50340,5428.197,1562.088,4119.348
50370,5309.332,1487.853,4297.369
50400,5184.900,1412.058,4470.871
50430,5055.031,1334.781,4639.672
50460,4919.862,1256.106,4803.595
50490,4779.534,1176.113,4962.467
50520,4634.196,1094.887,5116.124
50550,4483.999,1012.514,5264.402
50580,4329.103,929.079,5407.148
50610,4169.670,844.670,5544.211
50640,4005.867,759.377,5675.449
50670,3837.866,673.287,5800.723
50700,3665.844,586.493,5919.903
50730,3489.982,499.083,6032.864
50760,3310.463,411.151,6139.488
50790,3127.477,322.789,6239.664
50820,2941.215,234.088,6333.287
50850,2751.873,145.142,6420.258
50880,2559.649,56.044,6500.488
50910,2364.745,-33.113,6573.893
50940,2167.365,-122.235,6640.396
50970,1967.715,-211.229,6699.927
51000,1766.005,-300.001,6752.425
51030,1562.447,-388.460,6797.834
51060,1357.253,-476.512,6836.108
51090,1150.638,-564.065,6867.207
51120,942.819,-651.028,6891.098
51150,734.012,-737.309,6907.755
51180,524.438,-822.819,6917.163
51210,314.314,-907.467,6919.311
51240,103.862,-991.165,6914.196
51270,-106.699,-1073.826,6901.825
51300,-317.149,-1155.363,6882.210
51330,-527.266,-1235.690,6855.371
51360,-736.832,-1314.724,6821.336
51390,-945.626,-1392.382,6780.142
51420,-1153.431,-1468.582,6731.830
51450,-1360.027,-1543.245,6676.452
51480,-1565.200,-1616.292,6614.065
51510,-1768.734,-1687.646,6544.734
51540,-1970.417,-1757.233,6468.531
51570,-2170.035,-1824.981,6385.536
51600,-2367.381,-1890.817,6295.836
51630,-2562.248,-1954.672,6199.524
51660,-2754.432,-2016.481,6096.701
51690,-2943.729,-2076.177,5987.474
51720,-3129.943,-2133.698,5871.958
51750,-3312.878,-2188.983,5750.273
51780,-3492.341,-2241.975,5622.546
51810,-3668.145,-2292.618,5488.912
51840,-3840.104,-2340.858,5349.510
51870,-4008.039,-2386.644,5204.485
51900,-4171.773,-2429.929,5053.991
51930,-4331.133,-2470.666,4898.184
51960,-4485.952,-2508.813,4737.228
51990,-4636.069,-2544.330,4571.292
52020,-4781.323,-2577.179,4400.549
52050,-4921.564,-2607.325,4225.179
52080,-5056.644,-2634.737,4045.366
52110,-5186.420,-2659.385,3861.299
52140,-5310.756,-2681.245,3673.171
52170,-5429.521,-2700.291,3481.179
52200,-5542.591,-2716.505,3285.526
52230,-5649.846,-2729.869,3086.417
52260,-5751.174,-2740.370,2884.061
52290,-5846.469,-2747.995,2678.671
52320,-5935.630,-2752.738,2470.463
52350,-6018.563,-2754.592,2259.657
52380,-6095.182,-2753.557,2046.473
52410,-6165.407,-2749.632,1831.137
52440,-6229.163,-2742.823,1613.874
52470,-6286.384,-2733.137,1394.914
52500,-6337.011,-2720.583,1174.486
52530,-6380.990,-2705.176,952.823
52560,-6418.276,-2686.931,730.158
52590,-6448.831,-2665.867,506.726
52620,-6472.622,-2642.008,282.760
52650,-6489.626,-2615.379,58.497
52680,-6499.825,-2586.007,-165.828
52710,-6503.210,-2553.924,-389.978
52740,-6499.777,-2519.164,-613.719
52770,-6489.532,-2481.763,-836.814
52800,-6472.486,-2441.762,-1059.030
52830,-6448.659,-2399.202,-1280.133
52860,-6418.075,-2354.129,-1499.892
52890,-6380.769,-2306.590,-1718.076
52920,-6336.782,-2256.635,-1934.455
52950,-6286.159,-2204.318,-2148.804
52980,-6228.956,-2149.693,-2360.897
53010,-6165.234,-2092.819,-2570.513
53040,-6095.061,-2033.754,-2777.431
53070,-6018.512,-1972.562,-2981.437
53100,-5935.669,-1909.307,-3182.316
53130,-5846.619,-1844.056,-3379.858
53160,-5751.458,-1776.877,-3573.858
53190,-5650.285,-1707.841,-3764.113
53220,-5543.209,-1637.021,-3950.424
53250,-5430.344,-1564.491,-4132.598
53280,-5311.807,-1490.327,-4310.444
53310,-5187.724,-1414.607,-4483.779
53340,-5058.227,-1337.410,-4652.420
53370,-4923.452,-1258.818,-4816.194
53400,-4783.540,-1178.913,-4974.930
53430,-4638.640,-1097.778,-5128.463
53460,-4488.903,-1015.499,-5276.635
53490,-4334.486,-932.161,-5419.291
53520,-4175.553,-847.851,-5556.284
53550,-4012.268,-762.659,-5687.472
53580,-3844.804,-676.671,-5812.720
53610,-3673.336,-589.979,-5931.897
53640,-3498.043,-502.673,-6044.881
53670,-3319.108,-414.843,-6151.556
53700,-3136.719,-326.581,-6251.810
53730,-2951.066,-237.980,-6345.542
53760,-2762.342,-149.131,-6432.653
53790,-2570.745,-60.127,-6513.054
53820,-2376.474,28.940,-6586.664
53850,-2179.732,117.976,-6653.404
53880,-1980.723,206.890,-6713.208
53910,-1779.655,295.589,-6766.014
53940,-1576.737,383.980,-6811.766
53970,-1372.180,471.972,-6850.419
54000,-1166.197,559.474,-6881.932
54030,-959.001,646.394,-6906.274
54060,-750.809,732.643,-6923.418
54090,-541.837,818.130,-6933.348
54120,-332.301,902.767,-6936.053
54150,-122.420,986.466,-6931.531
54180,87.588,1069.139,-6919.786
54210,297.505,1150.702,-6900.830
54240,507.112,1231.068,-6874.682
54270,716.193,1310.156,-6841.370
54300,924.530,1387.881,-6800.928
54330,1131.905,1464.163,-6753.397
54360,1338.104,1538.924,-6698.826
54390,1542.911,1612.084,-6637.272
54420,1746.114,1683.569,-6568.797
54450,1947.501,1753.302,-6493.473
54480,2146.862,1821.211,-6411.376
54510,2343.990,1887.226,-6322.591
54540,2538.679,1951.278,-6227.210
54570,2730.726,2013.298,-6125.331
54600,2919.931,2073.224,-6017.059
54630,3106.096,2130.990,-5902.506
54660,3289.027,2186.538,-5781.790
54690,3468.531,2239.809,-5655.036
54720,3644.423,2290.746,-5522.374
54750,3816.517,2339.296,-5383.943
54780,3984.634,2385.408,-5239.886
54810,4148.596,2429.033,-5090.351
54840,4308.232,2470.126,-4935.494
54870,4463.375,2508.642,-4775.475
54900,4613.861,2544.540,-4610.460
54930,4759.533,2577.784,-4440.621
54960,4900.236,2608.336,-4266.135
54990,5035.823,2636.166,-4087.182
55020,5166.151,2661.242,-3903.949
55050,5291.082,2683.538,-3716.627
55080,5410.485,2703.030,-3525.411
55110,5524.232,2719.697,-3330.500
55140,5632.205,2733.521,-3132.098
55170,5734.288,2744.486,-2930.413
55200,5830.373,2752.581,-2725.654
55230,5920.359,2757.797,-2518.036
55260,6004.150,2760.126,-2307.775
55290,6081.656,2759.567,-2095.093
55320,6152.796,2756.118,-1880.212
55350,6217.493,2749.784,-1663.357
55380,6275.679,2740.570,-1444.755
55410,6327.292,2728.486,-1224.635
55440,6372.275,2713.542,-1003.230
55470,6410.581,2695.756,-780.770
55500,6442.169,2675.144,-557.489
55530,6467.004,2651.728,-333.623
55560,6485.060,2625.533,-109.406
55590,6496.317,2596.584,114.926
55620,6500.762,2564.913,339.137
55650,6498.389,2530.552,562.992
55680,6489.201,2493.537,786.255
55710,6473.207,2453.907,1008.691
55740,6450.423,2411.703,1230.065
55770,6420.872,2366.969,1450.146
55800,6384.585,2319.751,1668.702
55830,6341.601,2270.100,1885.502
55860,6291.963,2218.068,2100.319
55890,6235.724,2163.708,2312.926
55920,6172.942,2107.078,2523.100
55950,6103.685,2048.238,2730.620
55980,6028.024,1987.249,2935.267
56010,5946.038,1924.175,3136.826
56040,5857.815,1859.082,3335.086
56070,5763.447,1792.039,3529.838
56100,5663.032,1723.116,3720.877
56130,5556.678,1652.386,3908.002
56160,5444.495,1579.922,4091.017
56190,5326.603,1505.802,4269.730
56220,5203.124,1430.102,4443.953
56250,5074.188,1352.903,4613.504
56280,4939.933,1274.285,4778.204
56310,4800.497,1194.331,4937.880
56340,4656.030,1113.125,5092.366
56370,4506.681,1030.752,5241.499
56400,4352.608,947.299,5385.123
56430,4193.974,862.853,5523.087
56460,4030.944,777.502,5655.248
56490,3863.690,691.337,5781.467
56520,3692.389,604.448,5901.612
56550,3517.218,516.925,6015.556
56580,3338.363,428.861,6123.182
56610,3156.011,340.347,6224.377
56640,2970.354,251.477,6319.034
56670,2781.586,162.344,6407.056
56700,2589.904,73.041,6488.349
56730,2395.511,-16.339,6562.830
56760,2198.609,-105.702,6630.421
56790,1999.406,-194.954,6691.050
56820,1798.109,-284.001,6744.655
56850,1594.929,-372.752,6791.180
56880,1390.080,-461.112,6830.576
56910,1183.776,-548.990,6862.803
56940,976.233,-636.293,6887.826
56970,767.668,-722.930,6905.620
57000,558.299,-808.810,6916.166
57030,348.346,-893.843,6919.454
57060,138.028,-977.941,6915.478
57090,-72.434,-1061.016,6904.245
57120,-282.821,-1142.979,6885.765
57150,-492.911,-1223.746,6860.058
57180,-702.485,-1303.233,6827.150
57210,-911.324,-1381.355,6787.077
57240,-1119.209,-1458.031,6739.878
57270,-1325.923,-1533.180,6685.605
57300,-1531.248,-1606.724,6624.314
57330,-1734.970,-1678.586,6556.067
57360,-1936.875,-1748.691,6480.937
57390,-2136.752,-1816.964,6399.003
57420,-2334.392,-1883.335,6310.349
57450,-2529.586,-1947.733,6215.068
57480,-2722.131,-2010.090,6113.259
57510,-2911.825,-2070.343,6005.030
57540,-3098.468,-2128.426,5890.493
57570,-3281.865,-2184.280,5769.767
57600,-3461.823,-2237.845,5642.980
57630,-3638.154,-2289.065,5510.264
57660,-3810.672,-2337.886,5371.757
57690,-3979.196,-2384.256,5227.605
57720,-4143.550,-2428.128,5077.958
57750,-4303.559,-2469.454,4922.974
57780,-4459.057,-2508.191,4762.815
57810,-4609.880,-2544.299,4597.649
57840,-4755.869,-2577.738,4427.649
57870,-4896.870,-2608.475,4252.993
57900,-5032.737,-2636.476,4073.865
57930,-5163.325,-2661.711,3890.452
57960,-5288.497,-2684.155,3702.949
57990,-5408.122,-2703.784,3511.550
58020,-5522.074,-2720.576,3316.458
58050,-5630.233,-2734.514,3117.877
58080,-5732.485,-2745.584,2916.017
58110,-5828.724,-2753.773,2711.089
58140,-5918.847,-2759.073,2503.309
58170,-6002.761,-2761.478,2292.896
58200,-6080.377,-2760.986,2080.071
58230,-6151.614,-2757.598,1865.057
58260,-6216.397,-2751.316,1648.082
58290,-6274.658,-2742.149,1429.373
58320,-6326.337,-2730.104,1209.160
58350,-6371.380,-2715.196,987.676
58380,-6409.740,-2697.439,765.153
58410,-6441.377,-2676.854,541.825
58440,-6466.258,-2653.461,317.927
58470,-6484.359,-2627.285,93.695
58500,-6495.660,-2598.355,-130.635
58530,-6500.151,-2566.700,-354.828
58560,-6497.828,-2532.355,-578.649
58590,-6488.695,-2495.356,-801.861
58620,-6472.761,-2455.741,-1024.230
58650,-6450.045,-2413.554,-1245.523
58680,-6420.572,-2368.837,-1465.508
58710,-6384.373,-2321.640,-1683.954
58740,-6341.488,-2272.011,-1900.631
58770,-6291.964,-2220.003,-2115.313
58800,-6235.853,-2165.671,-2327.775
58830,-6173.215,-2109.073,-2537.794
58860,-6104.118,-2050.268,-2745.150
58890,-6028.635,-1989.318,-2949.627
58920,-5946.847,-1926.287,-3151.010
58950,-5858.841,-1861.242,-3349.090
58980,-5764.710,-1794.252,-3543.659
59010,-5664.554,-1725.386,-3734.514
59040,-5558.479,-1654.717,-3921.457
59070,-5446.598,-1582.320,-4104.293
59100,-5329.029,-1508.271,-4282.831
59130,-5205.896,-1432.646,-4456.885
59160,-5077.330,-1355.527,-4626.275
59190,-4943.465,-1276.992,-4790.824
59220,-4804.442,-1197.126,-4950.361
59250,-4660.409,-1116.011,-5104.722
59280,-4511.516,-1033.732,-5253.745
59310,-4357.921,-950.376,-5397.276
59340,-4199.783,-866.029,-5535.167
59370,-4037.269,-780.780,-5667.275
59400,-3870.549,-694.717,-5793.464
59430,-3699.799,-607.931,-5913.602
59460,-3525.195,-520.512,-6027.566
59490,-3346.922,-432.551,-6135.238
59520,-3165.165,-344.140,-6236.507
59550,-2980.115,-255.370,-6331.268
59580,-2791.964,-166.335,-6419.424
59610,-2600.908,-77.127,-6500.885
59640,-2407.147,12.161,-6575.565
59670,-2210.883,101.437,-6643.388
59700,-2012.320,190.607,-6704.285
59730,-1811.664,279.579,-6758.192
59760,-1609.125,368.261,-6805.055
59790,-1404.914,456.559,-6844.825
59820,-1199.242,544.384,-6877.461
59850,-992.324,631.642,-6902.929
59880,-784.375,718.244,-6921.204
59910,-575.610,804.099,-6932.267
59940,-366.247,889.119,-6936.106
59970,-156.504,973.215,-6932.718
60000,53.402,1056.299,-6922.105
60030,263.252,1138.286,-6904.280
60060,472.829,1219.089,-6879.259
60090,681.915,1298.626,-6847.069
60120,890.291,1376.813,-6807.743
60150,1097.743,1453.568,-6761.322
60180,1304.053,1528.813,-6707.852
60210,1509.007,1602.468,-6647.390
60240,1712.392,1674.457,-6579.996
60270,1913.996,1744.704,-6505.742
60300,2113.610,1813.137,-6424.702
60330,2311.025,1879.684,-6336.961
60360,2506.035,1944.275,-6242.608
60390,2698.438,2006.842,-6141.742
60420,2888.032,2067.321,-6034.466
60450,3074.619,2125.648,-5920.891
60480,3258.005,2181.761,-5801.134
60510,3437.997,2235.602,-5675.319
60540,3614.408,2287.114,-5543.575
60570,3787.053,2336.243,-5406.040
60600,3955.751,2382.937,-5262.856
60630,4120.326,2427.147,-5114.170
60660,4280.604,2468.827,-4960.138
60690,4436.417,2507.931,-4800.918
60720,4587.603,2544.419,-4636.676
60750,4734.001,2578.252,-4467.582
60780,4875.457,2609.393,-4293.813
60810,5011.824,2637.811,-4115.548
60840,5142.956,2663.473,-3932.975
60870,5268.717,2686.353,-3746.281
60900,5388.972,2706.427,-3555.663
60930,5503.595,2723.672,-3361.319
60960,5612.465,2738.070,-3163.451
60990,5715.466,2749.604,-2962.267
61020,5812.489,2758.263,-2757.976
61050,5903.432,2764.036,-2550.792
61080,5988.197,2766.918,-2340.932
61110,6066.696,2766.903,-2128.614
61140,6138.843,2763.992,-1914.063
61170,6204.563,2758.186,-1697.503
61200,6263.785,2749.493,-1479.160
61230,6316.446,2737.919,-1259.263
61260,6362.490,2723.477,-1038.043
61290,6401.867,2706.181,-815.733
61320,6434.535,2686.049,-592.566
61350,6460.458,2663.102,-368.776
61380,6479.609,2637.363,-144.598
61410,6491.967,2608.859,79.732
61440,6497.517,2577.619,303.978
61470,6496.254,2543.677,527.904
61500,6488.177,2507.066,751.275
61530,6473.296,2467.826,973.856
61560,6451.624,2425.998,1195.413
61590,6423.185,2381.624,1415.712
61620,6388.007,2334.752,1634.522
61650,6346.128,2285.431,1851.613
61680,6297.590,2233.712,2066.756
61710,6242.446,2179.650,2279.725
61740,6180.753,2123.300,2490.296
61770,6112.574,2064.723,2698.247
61800,6037.983,2003.980,2903.359
61830,5957.057,1941.135,3105.417
61860,5869.882,1876.253,3304.209
61890,5776.549,1809.402,3499.524
61920,5677.156,1740.654,3691.159
61950,5571.809,1670.080,3878.912
61980,5460.617,1597.754,4062.585
62010,5343.698,1523.752,4241.985
62040,5221.175,1448.152,4416.925
62070,5093.176,1371.034,4587.221
62100,4959.837,1292.478,4752.693
62130,4821.298,1212.567,4913.169
62160,4677.704,1131.385,5068.479
62190,4529.206,1049.016,5218.463
62220,4375.961,965.549,5362.961
62250,4218.129,881.069,5501.823
62280,4055.877,795.665,5634.904
62310,3889.375,709.428,5762.064
62340,3718.797,622.448,5883.170
62370,3544.324,534.816,5998.095
62400,3366.137,446.623,6106.720
62430,3184.424,357.962,6208.931
62460,2999.375,268.927,6304.621
62490,2811.186,179.609,6393.690
62520,2620.052,90.104,6476.044
62550,2426.175,0.505,6551.599
62580,2229.757,-89.095,6620.276
62610,2031.005,-178.602,6682.001
62640,1830.126,-267.922,6736.712
62670,1627.332,-356.961,6784.351
62700,1422.833,-445.627,6824.869
62730,1216.846,-533.826,6858.223
62760,1009.584,-621.466,6884.378
62790,801.266,-708.456,6903.307
62820,592.109,-794.704,6914.991
62850,382.332,-880.121,6919.418
62880,172.155,-964.616,6916.582
62910,-38.202,-1048.101,6906.486
62940,-248.519,-1130.489,6889.142
62970,-458.576,-1211.694,6864.567
63000,-668.153,-1291.631,6832.787
63030,-877.031,-1370.215,6793.835
63060,-1084.990,-1447.365,6747.751
63090,-1291.814,-1523.000,6694.585
63120,-1497.285,-1597.041,6634.390
63150,-1701.189,-1669.409,6567.230
63180,-1903.311,-1740.029,6493.175
63210,-2103.440,-1808.827,6412.302
63240,-2301.367,-1875.731,6324.696
63270,-2496.883,-1940.671,6230.449
63300,-2689.784,-2003.577,6129.657
63330,-2879.867,-2064.385,6022.428
63360,-3066.934,-2123.031,5908.872
63390,-3250.788,-2179.452,5789.110
63420,-3431.235,-2233.590,5663.265
63450,-3608.087,-2285.387,5531.470
63480,-3781.158,-2334.789,5393.862
63510,-3950.266,-2381.744,5250.586
63540,-4115.233,-2426.202,5101.791
63570,-4275.887,-2468.118,4947.634
63600,-4432.058,-2507.446,4788.276
63630,-4583.582,-2544.144,4623.884
63660,-4730.300,-2578.176,4454.630
63690,-4872.057,-2609.503,4280.693
63720,-5008.706,-2638.094,4102.254
63750,-5140.101,-2663.919,3919.501
63780,-5266.105,-2686.949,3732.626
63810,-5386.585,-2707.161,3541.825
63840,-5501.415,-2724.533,3347.299
63870,-5610.473,-2739.046,3149.252
63900,-5713.646,-2750.687,2947.893
63930,-5810.825,-2759.442,2743.432
63960,-5901.907,-2765.301,2536.085
63990,-5986.798,-2768.260,2326.071
64020,-6065.407,-2768.314,2113.609
64050,-6137.653,-2765.464,1898.924
64080,-6203.460,-2759.712,1682.242
64110,-6262.759,-2751.066,1463.790
64140,-6315.488,-2739.533,1243.798
64170,-6361.592,-2725.127,1022.498
64200,-6401.023,-2707.862,800.122
64230,-6433.740,-2687.757,576.905
64260,-6459.710,-2664.833,353.081
64290,-6478.906,-2639.115,128.886
64320,-6491.308,-2610.629,-95.444
64350,-6496.904,-2579.406,-319.674
64380,-6495.690,-2545.479,-543.568
64410,-6487.666,-2508.884,-766.891
64440,-6472.844,-2469.660,-989.408
64470,-6451.239,-2427.848,-1210.886
64500,-6422.876,-2383.492,-1431.091
64530,-6387.785,-2336.640,-1649.793
64560,-6346.003,-2287.341,-1866.763
64590,-6297.577,-2235.646,-2081.773
64620,-6242.559,-2181.611,-2294.598
64650,-6181.006,-2125.293,-2505.014
64680,-6112.986,-2066.751,-2712.803
64710,-6038.571,-2006.047,-2917.745
64740,-5957.839,-1943.244,-3119.628
64770,-5870.878,-1878.410,-3318.239
64800,-5777.779,-1811.611,-3513.373
64830,-5678.641,-1742.920,-3704.824
64860,-5573.570,-1672.407,-3892.394
64890,-5462.676,-1600.147,-4075.887
64920,-5346.078,-1526.216,-4255.111
64950,-5223.897,-1450.691,-4429.881
64980,-5096.264,-1373.652,-4600.014
65010,-4963.312,-1295.180,-4765.334
65040,-4825.182,-1215.356,-4925.669
65070,-4682.020,-1134.265,-5080.852
65100,-4533.975,-1051.991,-5230.723
65130,-4381.203,-968.620,-5375.126
65160,-4223.865,-884.240,-5513.911
65190,-4062.126,-798.938,-5646.936
65220,-3896.155,-712.804,-5774.062
65250,-3726.126,-625.928,-5895.158
65280,-3552.217,-538.400,-6010.098
65310,-3374.609,-450.311,-6118.765
65340,-3193.490,-361.754,-6221.046
65370,-3009.047,-272.820,-6316.835
65400,-2821.473,-183.602,-6406.033
65430,-2630.963,-94.193,-6488.550
65460,-2437.718,-4.686,-6564.299
65490,-2241.937,84.825,-6633.203
65520,-2043.825,174.249,-6695.190
65550,-1843.587,263.491,-6750.198
65580,-1641.434,352.459,-6798.170
65610,-1437.574,441.061,-6839.055
65640,-1232.219,529.205,-6872.813
65670,-1025.584,616.798,-6899.408
65700,-817.883,703.751,-6918.813
65730,-609.333,789.972,-6931.008
65760,-400.149,875.372,-6935.981
65790,-190.549,959.862,-6933.727
65820,19.250,1043.355,-6924.247
65850,229.028,1125.764,-6907.552
65880,438.567,1207.003,-6883.659
65910,647.651,1286.987,-6852.592
65940,856.062,1365.634,-6814.383
65970,1063.584,1442.861,-6769.072
66000,1269.999,1518.588,-6716.705
66030,1475.094,1592.736,-6657.335
66060,1678.655,1665.228,-6591.025
66090,1880.471,1735.988,-6517.842
66120,2080.330,1804.943,-6437.861
66150,2278.026,1872.020,-6351.166
66180,2473.351,1937.150,-6257.844
66210,2666.103,2000.263,-6157.993
66240,2856.080,2061.295,-6051.716
66270,3043.083,2120.181,-5939.121
66300,3226.919,2176.860,-5820.326
66330,3407.393,2231.271,-5695.453
66360,3584.318,2283.358,-5564.631
66390,3757.508,2333.066,-5427.995
66420,3926.783,2380.342,-5285.687
66450,4091.964,2425.138,-5137.855
66480,4252.878,2467.404,-4984.650
66510,4409.357,2507.097,-4826.233
66540,4561.236,2544.175,-4662.768
66570,4708.355,2578.598,-4494.424
66600,4850.561,2610.330,-4321.376
66630,4987.702,2639.336,-4143.805
66660,5119.634,2665.586,-3961.895
66690,5246.219,2689.052,-3775.835
66720,5367.323,2709.708,-3585.819
66750,5482.817,2727.532,-3392.046
66780,5592.580,2742.506,-3194.717
66810,5696.495,2754.611,-2994.039
66840,5794.452,2763.836,-2790.222
66870,5886.348,2770.169,-2583.477
66900,5972.085,2773.604,-2374.022
66930,6051.572,2774.137,-2162.076
66960,6124.724,2771.765,-1947.861
66990,6191.463,2766.491,-1731.600
67020,6251.718,2758.320,-1513.521
67050,6305.426,2747.260,-1293.853
67080,6352.527,2733.321,-1072.826
67110,6392.972,2716.519,-850.671
67140,6426.718,2696.870,-627.623
67170,6453.728,2674.395,-403.914
67200,6473.972,2649.115,-179.782
67230,6487.429,2621.059,44.540
67260,6494.084,2590.254,268.815
67290,6493.929,2556.733,492.807
67320,6486.963,2520.530,716.281
67350,6473.193,2481.684,939.001
67380,6452.634,2440.235,1160.734
67410,6425.305,2396.226,1381.247
67440,6391.236,2349.703,1600.306
67470,6350.463,2300.715,1817.682
67500,6303.026,2249.313,2033.145
67530,6248.977,2195.552,2246.470
67560,6188.372,2139.487,2457.432
67590,6121.274,2081.177,2665.808
67620,6047.754,2020.684,2871.380
67650,5967.890,1958.071,3073.932
67680,5881.764,1893.404,3273.250
67710,5789.468,1826.750,3469.124
67740,5691.099,1758.181,3661.350
67770,5586.760,1687.766,3849.725
67800,5476.561,1615.582,4034.051
67830,5360.618,1541.703,4214.134
67860,5239.053,1466.207,4389.786
67890,5111.994,1389.174,4560.822
67920,4979.575,1310.684,4727.063
67950,4841.934,1230.820,4888.334
67980,4699.218,1149.665,5044.466
68010,4551.575,1067.305,5195.295
68040,4399.161,983.827,5340.664
68070,4242.136,899.317,5480.420
68100,4080.665,813.865,5614.417
68130,3914.918,727.560,5742.515
68160,3745.069,640.492,5864.579
68190,3571.296,552.754,5980.482
68220,3393.782,464.436,6090.103
68250,3212.713,375.632,6193.327
68280,3028.279,286.435,6290.046
68310,2840.673,196.937,6380.160
68340,2650.092,107.233,6463.574
68370,2456.736,17.417,6540.201
68400,2260.808,-72.417,6609.961
68430,2062.512,-162.175,6672.781
68460,1862.057,-251.764,6728.596
68490,1659.653,-341.089,6777.348
68520,1455.511,-430.057,6818.986
68550,1249.845,-518.574,6853.466
68580,1042.871,-606.549,6880.752
68610,834.806,-693.889,6900.817
68640,625.867,-780.503,6913.638
68670,416.272,-866.299,6919.203
68700,206.242,-951.189,6917.506
68730,-4.004,-1035.083,6908.549
68760,-214.246,-1117.894,6892.341
68790,-424.263,-1199.535,6868.898
68820,-633.837,-1279.920,6838.246
68850,-842.747,-1358.965,6800.417
68880,-1050.774,-1436.587,6755.449
68910,-1257.702,-1512.706,6703.389
68940,-1463.313,-1587.241,6644.293
68970,-1667.392,-1660.114,6578.221
69000,-1869.725,-1731.248,6505.243
69030,-2070.100,-1800.570,6425.434
69060,-2268.308,-1868.006,6338.879
69090,-2464.139,-1933.486,6245.666
69120,-2657.390,-1996.941,6145.895
69150,-2847.858,-2058.304,6039.668
69180,-3035.342,-2117.511,5927.097
69210,-3219.646,-2174.500,5808.300
69240,-3400.577,-2229.210,5683.400
69270,-3577.944,-2281.584,5552.529
69300,-3751.562,-2331.567,5415.824
69330,-3921.249,-2379.107,5273.427
69360,-4086.825,-2424.153,5125.488
69390,-4248.117,-2466.658,4972.161
69420,-4404.955,-2506.577,4813.608
69450,-4557.176,-2543.868,4649.995
69480,-4704.617,-2578.491,4481.492
69510,-4847.126,-2610.411,4308.278
69540,-4984.551,-2639.593,4130.533
69570,-5116.749,-2666.007,3948.444
69600,-5243.580,-2689.625,3762.203
69630,-5364.911,-2710.421,3572.005
69660,-5480.615,-2728.375,3378.050
69690,-5590.569,-2743.466,3180.542
69720,-5694.658,-2755.679,2979.688
69750,-5792.773,-2765.001,2775.699
69780,-5884.811,-2771.422,2568.791
69810,-5970.674,-2774.936,2359.181
69840,-6050.274,-2775.539,2147.088
69870,-6123.526,-2773.229,1932.737
69900,-6190.354,-2768.010,1716.353
69930,-6250.687,-2759.887,1498.163
69960,-6304.463,-2748.869,1278.398
69990,-6351.626,-2734.968,1057.288
70020,-6392.126,-2718.197,835.066
70050,-6425.922,-2698.576,611.965
70080,-6452.978,-2676.124,388.221
70110,-6473.267,-2650.866,164.069
70140,-6486.769,-2622.828,-60.256
70170,-6493.469,-2592.040,-284.517
70200,-6493.362,-2558.535,-508.479
70230,-6486.448,-2522.348,-731.907
70260,-6472.737,-2483.518,-954.566
70290,-6452.243,-2442.085,-1176.222
70320,-6424.989,-2398.093,-1396.642
70350,-6391.005,-2351.590,-1615.595
70380,-6350.327,-2302.624,-1832.851
70410,-6303.000,-2251.246,-2048.184
70440,-6249.074,-2197.512,-2261.366
70470,-6188.608,-2141.478,-2472.175
70500,-6121.665,-2083.203,-2680.390
70530,-6048.318,-2022.748,-2885.793
70560,-5968.645,-1960.178,-3088.170
70590,-5882.730,-1895.557,-3287.308
70620,-5790.665,-1828.955,-3483.001
70650,-5692.547,-1760.442,-3675.043
70680,-5588.481,-1690.089,-3863.234
70710,-5478.577,-1617.970,-4047.379
70740,-5362.951,-1544.162,-4227.286
70770,-5241.726,-1468.741,-4402.766
70800,-5115.028,-1391.787,-4573.639
70830,-4982.993,-1313.380,-4739.725
70860,-4845.759,-1233.603,-4900.853
70890,-4703.470,-1152.540,-5056.855
70920,-4556.277,-1070.274,-5207.569
70950,-4404.333,-986.893,-5352.840
70980,-4247.799,-902.483,-5492.517
71010,-4086.838,-817.133,-5626.454
71040,-3921.620,-730.932,-5754.514
71070,-3752.317,-643.969,-5876.564
71100,-3579.106,-556.335,-5992.479
71130,-3402.169,-468.122,-6102.137
71160,-3221.691,-379.422,-6205.427
71190,-3037.861,-290.328,-6302.241
71220,-2850.869,-200.931,-6392.479
71250,-2660.911,-111.325,-6476.050
71280,-2468.186,-21.603,-6552.866
71310,-2272.893,68.141,-6622.849
71340,-2075.237,157.815,-6685.926
71370,-1875.424,247.324,-6742.032
71400,-1673.661,336.576,-6791.111
71430,-1470.157,425.479,-6833.111
71460,-1265.126,513.939,-6867.989
71490,-1058.780,601.865,-6895.710
71520,-851.334,689.165,-6916.245
71550,-643.002,775.749,-6929.572
71580,-434.003,861.527,-6935.679
71610,-224.552,946.410,-6934.558
71640,-14.869,1030.309,-6926.211
71670,194.831,1113.137,-6910.647
71700,404.328,1194.809,-6887.882
71730,613.404,1275.239,-6857.938
71760,821.843,1354.343,-6820.847
71790,1029.428,1432.040,-6776.647
71820,1235.943,1508.248,-6725.384
71850,1441.172,1582.888,-6667.109
71880,1644.903,1655.881,-6601.883
71910,1846.924,1727.154,-6529.773
71940,2047.024,1796.629,-6450.854
71970,2244.994,1864.236,-6365.206
72000,2440.629,1929.903,-6272.917
72030,2633.724,1993.562,-6174.084
72060,2824.078,2055.146,-6068.808
72090,3011.492,2114.591,-5957.196
72120,3195.770,2171.834,-5839.366
72150,3376.720,2226.816,-5715.438
72180,3554.153,2279.477,-5585.540
72210,3727.883,2329.764,-5449.807
72240,3897.728,2377.623,-5308.379
72270,4063.510,2423.004,-5161.403
72300,4225.056,2465.858,-5009.031
72330,4382.195,2506.140,-4851.421
72360,4534.762,2543.809,-4688.737
72390,4682.598,2578.822,-4521.146
72420,4825.547,2611.145,-4348.825
72450,4963.458,2640.741,-4171.951
72480,5096.185,2667.580,-3990.709
72510,5223.590,2691.633,-3805.287
72540,5345.538,2712.873,-3615.879
72570,5461.899,2731.278,-3422.681
72600,5572.551,2746.829,-3225.897
72630,5677.376,2759.507,-3025.730
72660,5776.264,2769.299,-2822.391
72690,5869.109,2776.195,-2616.091
72720,5955.814,2780.186,-2407.047
72750,6036.285,2781.267,-2195.477
72780,6110.439,2779.437,-1981.602
72810,6178.194,2774.697,-1765.648
72840,6239.480,2767.051,-1547.839
72870,6294.231,2756.507,-1328.404
72900,6342.387,2743.076,-1107.575
72930,6383.899,2726.770,-885.581
72960,6418.720,2707.607,-662.658
72990,6446.814,2685.605,-439.037
73020,6468.151,2660.789,-214.956
73050,6482.705,2633.183,9.352
73080,6490.463,2602.816,233.650
73110,6491.415,2569.720,457.702
73140,6485.558,2533.929,681.273
73170,6472.900,2495.480,904.127
73200,6453.452,2454.414,1126.031
73230,6427.234,2410.772,1346.750
73260,6394.274,2364.602,1566.053
73290,6354.606,2315.951,1783.708
73320,6308.271,2264.871,1999.487
73350,6255.317,2211.414,2213.162
73380,6195.801,2155.637,2424.509
73410,6129.785,2097.599,2633.306
73440,6057.337,2037.360,2839.332
73470,5978.535,1974.983,3042.372
73500,5893.460,1910.535,3242.211
73530,5802.203,1844.082,3438.639
73560,5704.859,1775.695,3631.451
73590,5601.530,1705.445,3820.443
73620,5492.327,1633.406,4005.417
73650,5377.363,1559.654,4186.178
73680,5256.759,1484.266,4362.538
73710,5130.642,1407.322,4534.310
73740,4999.145,1328.902,4701.314
73770,4862.407,1249.088,4863.376
73800,4720.571,1167.966,5020.325
73830,4573.786,1085.618,5171.996
73860,4422.207,1002.133,5318.232
73890,4265.993,917.597,5458.878
73920,4105.307,832.100,5593.788
73950,3940.320,745.730,5722.820
73980,3771.204,658.580,5845.839
74010,3598.136,570.739,5962.717
74040,3421.300,482.300,6073.331
74070,3240.879,393.357,6177.565
74100,3057.063,304.001,6275.312
74130,2870.046,214.326,6366.468
74160,2680.023,124.428,6450.938
74190,2487.193,34.399,6528.635
74220,2291.760,-55.666,6599.477
74250,2093.926,-145.673,6663.390
74280,1893.900,-235.527,6720.308
74310,1691.892,-325.135,6770.171
74340,1488.112,-414.402,6812.928
74370,1282.774,-503.235,6848.533
74400,1076.094,-591.542,6876.949
74430,868.287,-679.229,6898.148
74460,659.572,-766.205,6912.106
74490,450.166,-852.380,6918.810
74520,240.288,-937.662,6918.252
74550,30.160,-1021.963,6910.433
74580,-180.001,-1105.194,6895.361
74610,-389.973,-1187.268,6873.052
74640,-599.537,-1268.099,6843.528
74670,-808.473,-1347.603,6806.822
74700,-1016.563,-1425.696,6762.971
74730,-1223.588,-1502.297,6712.020
74760,-1429.333,-1577.324,6654.023
74790,-1633.581,-1650.701,6589.041
74820,-1836.119,-1722.349,6517.141
74850,-2036.734,-1792.193,6438.398
74880,-2235.216,-1860.161,6352.895
74910,-2431.357,-1926.180,6260.720
74940,-2624.952,-1990.182,6161.971
74970,-2815.797,-2052.100,6056.749
75000,-3003.693,-2111.868,5945.166
75030,-3188.442,-2169.423,5827.337
75060,-3369.850,-2224.705,5703.386
75090,-3547.727,-2277.657,5573.443
75120,-3721.887,-2328.221,5437.643
75150,-3892.145,-2376.345,5296.129
75180,-4058.325,-2421.979,5149.049
75210,-4220.250,-2465.074,4996.557
75240,-4377.751,-2505.584,4838.813
75270,-4530.662,-2543.468,4675.982
75300,-4678.823,-2578.685,4508.234
75330,-4822.077,-2611.198,4335.747
75360,-4960.275,-2640.972,4158.700
75390,-5093.271,-2667.977,3977.281
75420,-5220.924,-2692.183,3791.678
75450,-5343.102,-2713.566,3602.088
75480,-5459.674,-2732.102,3408.708
75510,-5570.520,-2747.772,3211.744
75540,-5675.521,-2760.560,3011.401
75570,-5774.569,-2770.451,2807.890
75600,-5867.558,-2777.436,2601.426
75630,-5954.391,-2781.507,2392.225
75660,-6034.978,-2782.660,2180.507
75690,-6109.232,-2780.894,1966.495
75720,-6177.078,-2776.210,1750.415
75750,-6238.443,-2768.613,1532.494
75780,-6293.264,-2758.112,1312.960
75810,-6341.483,-2744.718,1092.046
75840,-6383.050,-2728.445,869.983
75870,-6417.922,-2709.309,647.005
75900,-6446.063,-2687.333,423.346
75930,-6467.444,-2662.538,199.243
75960,-6482.043,-2634.951,-25.071
75990,-6489.846,-2604.602,-249.357
76020,-6490.845,-2571.522,-473.382
76050,-6485.040,-2535.746,-696.909
76080,-6472.439,-2497.313,-919.704
76110,-6453.055,-2456.263,-1141.532
76140,-6426.910,-2412.639,-1362.161
76170,-6394.033,-2366.489,-1581.360
76200,-6354.459,-2317.859,-1798.898
76230,-6308.231,-2266.803,-2014.546
76260,-6255.399,-2213.373,-2228.081
76290,-6196.019,-2157.627,-2439.276
76320,-6130.155,-2099.622,-2647.912
76350,-6057.877,-2039.421,-2853.771
76380,-5979.263,-1977.087,-3056.636
76410,-5894.396,-1912.685,-3256.296
76440,-5803.367,-1846.283,-3452.543
76470,-5706.271,-1777.952,-3645.171
76500,-5603.213,-1707.763,-3833.979
76530,-5494.301,-1635.789,-4018.771
76560,-5379.650,-1562.107,-4199.355
76590,-5259.382,-1486.794,-4375.542
76620,-5133.624,-1409.929,-4547.149
76650,-5002.508,-1331.592,-4713.998
76680,-4866.172,-1251.866,-4875.914
76710,-4724.760,-1170.835,-5032.731
76740,-4578.422,-1088.582,-5184.286
76770,-4427.310,-1005.194,-5330.420
76800,-4271.583,-920.758,-5470.984
76830,-4111.405,-835.363,-5605.831
76860,-3946.943,-749.098,-5734.822
76890,-3778.370,-662.052,-5857.823
76920,-3605.863,-574.317,-5974.708
76950,-3429.601,-485.984,-6085.355
76980,-3249.770,-397.146,-6189.651
77010,-3066.556,-307.893,-6287.487
77040,-2880.151,-218.321,-6378.763
77070,-2690.750,-128.521,-6463.386
77100,-2498.550,-38.588,-6541.267
77130,-2303.751,51.386,-6612.326
77160,-2106.557,141.306,-6676.491
77190,-1907.173,231.079,-6733.695
77220,-1705.805,320.612,-6783.879
77250,-1502.665,409.812,-6826.993
77280,-1297.963,498.585,-6862.990
77310,-1091.911,586.841,-6891.836
77340,-884.724,674.487,-6913.499
77370,-676.619,761.431,-6927.958
77400,-467.810,847.585,-6935.198
77430,-258.515,932.857,-6935.211
77460,-48.951,1017.160,-6927.998
77490,160.664,1100.406,-6913.565
77520,370.111,1182.509,-6891.927
77550,579.174,1263.382,-6863.108
77580,787.635,1342.942,-6827.136
77610,995.278,1421.107,-6784.048
77640,1201.885,1497.794,-6733.889
77670,1407.243,1572.924,-6676.710
77700,1611.138,1646.418,-6612.570
77730,1813.358,1718.201,-6541.535
77760,2013.691,1788.196,-6463.679
77790,2211.930,1856.331,-6379.080
77820,2407.868,1922.535,-6287.827
77850,2601.300,1986.739,-6190.014
77880,2792.025,2048.875,-6085.741
77910,2979.844,2108.878,-5975.116
77940,3164.560,2166.685,-5858.253
77970,3345.980,2222.236,-5735.273
78000,3523.916,2275.473,-5606.303
78030,3698.180,2326.338,-5471.476
78060,3868.590,2374.780,-5330.932
78090,4034.967,2420.746,-5184.816
78120,4197.138,2464.188,-5033.280
78150,4354.932,2505.060,-4876.480
78180,4508.183,2543.319,-4714.581
78210,4656.730,2578.925,-4547.748
78240,4800.417,2611.839,-4376.157
78270,4939.093,2642.026,-4199.985
78300,5072.611,2669.455,-4019.415
78330,5200.831,2694.096,-3834.636
78360,5323.618,2715.922,-3645.840
78390,5440.842,2734.909,-3453.224
78420,5552.378,2751.038,-3256.989
78450,5658.109,2764.291,-3057.339
78480,5757.924,2774.653,-2854.483
78510,5851.715,2782.113,-2648.633
78540,5939.384,2786.661,-2440.005
78570,6020.837,2788.294,-2228.816
78600,6095.988,2787.008,-2015.288
78630,6164.757,2782.804,-1799.645
78660,6227.070,2775.686,-1582.111
78690,6282.862,2765.661,-1362.917
78720,6332.071,2752.738,-1142.290
78750,6374.646,2736.932,-920.464
78780,6410.542,2718.257,-697.671
78810,6439.718,2696.734,-474.144
78840,6462.144,2672.383,-250.119
78870,6477.795,2645.231,-25.831
78900,6486.654,2615.306,198.484
78930,6488.712,2582.638,422.591
78960,6483.964,2547.261,646.253
78990,6472.416,2509.213,869.235
79020,6454.079,2468.533,1091.303
79050,6428.971,2425.263,1312.224
79080,6397.120,2379.450,1531.764
79110,6358.557,2331.140,1749.693
79140,6313.324,2280.384,1965.781
79170,6261.466,2227.236,2179.801
79200,6203.040,2171.751,2391.528
79230,6138.106,2113.988,2600.739
79260,6066.731,2054.007,2807.215
79290,5988.992,1991.870,3010.737
79320,5904.970,1927.644,3211.092
79350,5814.753,1861.396,3408.069
79380,5718.436,1793.196,3601.462
79410,5616.121,1723.114,3791.066
79440,5507.915,1651.225,3976.683
79470,5393.931,1577.603,4158.118
79500,5274.291,1502.328,4335.180
79530,5149.119,1425.477,4507.684
79560,5018.549,1347.131,4675.447
79590,4882.715,1267.372,4838.296
79620,4741.763,1186.285,4996.057
79650,4595.840,1103.954,5148.567
79680,4445.099,1020.466,5295.666
79710,4289.699,935.908,5437.199
79740,4129.803,850.370,5573.017
79770,3965.579,763.940,5702.980
79800,3797.200,676.710,5826.951
79830,3624.843,588.771,5944.800
79860,3448.688,500.215,6056.404
79890,3268.920,411.135,6161.646
79920,3085.728,321.624,6260.417
79950,2899.304,231.777,6352.613
79980,2709.844,141.687,6438.138
80010,2517.546,51.448,6516.902
80040,2322.612,-38.844,6588.824
80070,2125.246,-129.096,6653.829
80100,1925.655,-219.213,6711.848
80130,1724.048,-309.100,6762.821
80160,1520.636,-398.663,6806.694
80190,1315.632,-487.809,6843.424
80220,1109.250,-576.445,6872.969
80250,901.708,-664.477,6895.302
80280,693.222,-751.813,6910.396
80310,484.010,-838.363,6918.238
80340,274.292,-924.035,6918.819
80370,64.287,-1008.740,6912.138
80400,-145.786,-1092.389,6898.203
80430,-355.706,-1174.894,6877.027
80460,-565.254,-1256.170,6848.633
80490,-774.210,-1336.130,6813.051
80520,-982.356,-1414.692,6770.317
80550,-1189.473,-1491.773,6720.476
80580,-1395.345,-1567.292,6663.581
80610,-1599.756,-1641.171,6599.690
80640,-1802.493,-1713.330,6528.870
80670,-2003.342,-1783.696,6451.194
80700,-2202.092,-1852.194,6366.746
80730,-2398.537,-1918.752,6275.611
80760,-2592.470,-1983.301,6177.886
80790,-2783.687,-2045.772,6073.672
80820,-2971.988,-2106.100,5963.078
80850,-3157.176,-2164.222,5846.221
80880,-3339.056,-2220.076,5723.222
80910,-3517.437,-2273.604,5594.209
80940,-3692.132,-2324.750,5459.319
80970,-3862.958,-2373.459,5318.691
81000,-4029.734,-2419.680,5172.474
81030,-4192.287,-2463.365,5020.820
81060,-4350.445,-2504.468,4863.889
81090,-4504.042,-2542.945,4701.844
81120,-4652.917,-2578.756,4534.856
81150,-4796.912,-2611.862,4363.101
81180,-4935.877,-2642.230,4186.757
81210,-5069.666,-2669.827,4006.010
81240,-5198.138,-2694.623,3821.051
81270,-5321.157,-2716.593,3632.073
81300,-5438.594,-2735.714,3439.275
81330,-5550.327,-2751.964,3242.859
81360,-5656.237,-2765.328,3043.032
81390,-5756.213,-2775.791,2840.004
81420,-5850.150,-2783.342,2633.988
81450,-5937.949,-2787.972,2425.202
81480,-6019.519,-2789.678,2213.864
81510,-6094.774,-2788.456,2000.198
81540,-6163.634,-2784.310,1784.427
81570,-6226.028,-2777.242,1566.779
81600,-6281.891,-2767.261,1347.484
81630,-6331.163,-2754.377,1126.771
81660,-6373.795,-2738.604,904.872
81690,-6409.741,-2719.958,682.022
81720,-6438.965,-2698.459,458.455
81750,-6461.435,-2674.131,234.406
81780,-6477.131,-2646.998,10.110
81810,-6486.035,-2617.090,-214.196
81840,-6488.139,-2584.439,-438.277
81870,-6483.442,-2549.078,-661.898
81900,-6471.950,-2511.046,-884.823
81930,-6453.676,-2470.382,-1106.818
81960,-6428.640,-2427.130,-1327.651
81990,-6396.870,-2381.335,-1547.089
82020,-6358.399,-2333.046,-1764.902
82050,-6313.271,-2282.314,-1980.862
82080,-6261.532,-2229.193,-2194.743
82110,-6203.240,-2173.738,-2406.320
82140,-6138.455,-2116.009,-2615.371
82170,-6067.248,-2056.065,-2821.680
82200,-5989.695,-1993.971,-3025.028
82230,-5905.877,-1929.791,-3225.205
82260,-5815.885,-1863.594,-3422.000
82290,-5719.814,-1795.449,-3615.209
82320,-5617.765,-1725.427,-3804.630
82350,-5509.847,-1653.603,-3990.065
82380,-5396.174,-1580.052,-4171.321
82410,-5276.866,-1504.851,-4348.209
82440,-5152.049,-1428.078,-4520.546
82470,-5021.855,-1349.816,-4688.153
82500,-4886.421,-1270.144,-4850.854
82530,-4745.890,-1189.148,-5008.481
82560,-4600.410,-1106.912,-5160.872
82590,-4450.133,-1023.522,-5307.866
82620,-4295.217,-939.064,-5449.313
82650,-4135.826,-853.629,-5585.066
82680,-3972.125,-767.303,-5714.984
82710,-3804.286,-680.179,-5838.934
82740,-3632.486,-592.346,-5956.786
82770,-3456.904,-503.896,-6068.419
82800,-3277.723,-414.922,-6173.718
82830,-3095.131,-325.516,-6272.574
82860,-2909.319,-235.772,-6364.886
82890,-2720.479,-145.782,-6450.557
82920,-2528.810,-55.640,-6529.501
82950,-2334.510,34.560,-6601.635
82980,-2137.783,124.723,-6666.886
83010,-1938.833,214.757,-6725.186
83040,-1737.867,304.568,-6776.475
83070,-1535.095,394.062,-6820.700
83100,-1330.727,483.146,-6857.816
83130,-1124.976,571.728,-6887.786
83160,-918.055,659.716,-6910.577
83190,-710.181,747.019,-6926.167
83220,-501.568,833.545,-6934.540
83250,-292.435,919.205,-6935.686
83280,-82.997,1003.909,-6929.606
83310,126.527,1087.571,-6916.304
83340,335.919,1170.102,-6895.796
83370,544.963,1251.417,-6868.101
83400,753.440,1331.431,-6833.248
83430,961.133,1410.061,-6791.273
83460,1167.828,1487.226,-6742.220
83490,1373.308,1562.844,-6686.138
83520,1577.361,1636.838,-6623.086
83550,1779.773,1709.129,-6553.128
83580,1980.335,1779.643,-6476.336
83610,2178.836,1848.306,-6392.789
83640,2375.071,1915.046,-6302.574
83670,2568.834,1979.793,-6205.783
83700,2759.924,2042.480,-6102.516
83730,2948.141,2103.041,-5992.880
83760,3133.289,2161.412,-5876.987
83790,3315.174,2217.532,-5754.958
83820,3493.606,2271.343,-5626.918
83850,3668.398,2322.787,-5493.001
83880,3839.367,2371.811,-5353.344
83910,4006.335,2418.363,-5208.092
83940,4169.126,2462.394,-5057.395
83970,4327.569,2503.856,-4901.411
84000,4481.498,2542.707,-4740.300
84030,4630.751,2578.905,-4574.230
84060,4775.172,2612.412,-4403.373
84090,4914.608,2643.191,-4227.907
84120,5048.912,2671.211,-4048.015
84150,5177.943,2696.440,-3863.883
84180,5301.565,2718.853,-3675.704
84210,5419.646,2738.425,-3483.674
84240,5532.063,2755.134,-3287.992
84270,5638.696,2768.963,-3088.864
84300,5739.433,2779.896,-2886.497
84330,5834.166,2787.922,-2681.102
84360,5922.796,2793.031,-2472.895
84390,6005.227,2795.217,-2262.093
84420,6081.373,2794.477,-2048.917
84450,6151.152,2790.812,-1833.590
84480,6214.490,2784.224,-1616.338
84510,6271.319,2774.720,-1397.389
84540,6321.579,2762.310,-1176.972
84570,6365.216,2747.005,-955.318
84600,6402.182,2728.822,-732.661
84630,6432.439,2707.779,-509.234
84660,6455.953,2683.898,-285.271
84690,6472.699,2657.203,-61.008
84720,6482.658,2627.721,163.318
84750,6485.820,2595.485,387.473
84780,6482.180,2560.526,611.221
84810,6471.741,2522.882,834.325
84840,6454.515,2482.592,1056.552
84870,6430.517,2439.698,1277.668
84900,6399.774,2394.244,1497.440
84930,6362.317,2346.279,1715.637
84960,6318.185,2295.852,1932.029
84990,6267.424,2243.016,2146.389
85020,6210.088,2187.827,2358.490
85050,6146.237,2130.343,2568.111
85080,6075.937,2070.623,2775.030
85110,5999.262,2008.731,2979.029
85140,5916.294,1944.732,3179.895
85170,5827.119,1878.693,3377.416
85200,5731.831,1810.683,3571.384
85230,5630.530,1740.773,3761.596
85260,5523.324,1669.037,3947.851
85290,5410.324,1595.551,4129.954
85320,5291.650,1520.392,4307.714
85350,5167.426,1443.638,4480.945
85380,5037.784,1365.370,4649.464
85410,4902.859,1285.670,4813.094
85440,4762.794,1204.623,4971.665
85470,4617.735,1122.312,5125.009
85500,4467.836,1038.825,5272.966
85530,4313.254,954.250,5415.381
85560,4154.152,868.674,5552.106
85590,3990.696,782.188,5682.996
85620,3823.058,694.882,5807.915
85650,3651.415,606.848,5926.732
85680,3475.946,518.179,6039.323
85710,3296.836,428.966,6145.570
85740,3114.272,339.304,6245.363
85770,2928.447,249.287,6338.596
85800,2739.555,159.009,6425.173
85830,2547.794,68.564,6505.003
85860,2353.364,-21.952,6578.003
85890,2156.471,-112.446,6644.097
85920,1957.320,-202.821,6703.215
85950,1756.120,-292.985,6755.296
85980,1553.081,-382.841,6800.286
86010,1348.416,-472.297,6838.138
86040,1142.340,-561.259,6868.813
86070,935.068,-649.633,6892.278
86100,726.817,-737.327,6908.508
86130,517.806,-824.249,6917.488
86160,308.252,-910.308,6919.208
86190,98.376,-995.414,6913.665
86220,-111.603,-1079.479,6900.866
86250,-321.465,-1162.414,6880.824
86280,-530.991,-1244.132,6853.560
86310,-739.961,-1324.547,6819.103
86340,-948.156,-1403.576,6777.488
86370,-1155.359,-1481.136,6728.758
86400,-1361.352,-1557.145,6672.965
86430,-1565.920,-1631.523,6610.166
86460,-1768.849,-1704.194,6540.428
86490,-1969.925,-1775.080,6463.822
86520,-2168.938,-1844.107,6380.430
86550,-2365.680,-1911.203,6290.337
86580,-2559.945,-1976.297,6193.639
86610,-2751.528,-2039.321,6090.435
86640,-2940.228,-2100.209,5980.834
86670,-3125.849,-2158.897,5864.951
86700,-3308.194,-2215.323,5742.907
86730,-3487.074,-2269.427,5614.828
86760,-3662.299,-2321.154,5480.850
86790,-3833.686,-2370.448,5341.113
86820,-4001.055,-2417.257,5195.762
86850,-4164.230,-2461.533,5044.950
86880,-4323.040,-2503.228,4888.835
86910,-4477.317,-2542.299,4727.581
86940,-4626.901,-2578.704,4561.357
86970,-4771.632,-2612.406,4390.337
87000,-4911.360,-2643.367,4214.701
87030,-5045.937,-2671.557,4034.632
87060,-5175.221,-2696.945,3850.321
87090,-5299.078,-2719.504,3661.960
87120,-5417.376,-2739.210,3469.747
87150,-5529.991,-2756.043,3273.885
87180,-5636.805,-2769.984,3074.579
87210,-5737.706,-2781.020,2872.039
87240,-5832.587,-2789.138,2666.478
87270,-5921.349,-2794.330,2458.112
87300,-6003.899,-2796.591,2247.160
87330,-6080.150,-2795.917,2033.844
87360,-6150.022,-2792.310,1818.388
87390,-6213.442,-2785.774,1601.020
87420,-6270.344,-2776.315,1381.967
87450,-6320.668,-2763.944,1161.461
87480,-6364.361,-2748.674,939.733
87510,-6401.379,-2730.520,717.017
87540,-6431.684,-2709.503,493.547
87570,-6455.243,-2685.644,269.558
87600,-6472.033,-2658.968,45.285
87630,-6482.037,-2629.505,-179.035
87660,-6485.245,-2597.285,-403.167
87690,-6481.655,-2562.343,-626.875
87720,-6471.271,-2524.715,-849.925
87750,-6454.106,-2484.441,-1072.081
87780,-6430.179,-2441.564,-1293.111
87810,-6399.515,-2396.129,-1512.783
87840,-6362.149,-2348.184,-1730.865
87870,-6318.120,-2297.781,-1947.131
87900,-6267.476,-2244.972,-2161.352
87930,-6210.271,-2189.812,-2373.305
87960,-6146.567,-2132.361,-2582.767
87990,-6076.432,-2072.679,-2789.520
88020,-5999.940,-2010.829,-2993.347
88050,-5917.173,-1946.876,-3194.035
88080,-5828.220,-1880.887,-3391.374
88110,-5733.174,-1812.932,-3585.158
88140,-5632.136,-1743.082,-3775.186
88170,-5525.214,-1671.411,-3961.259
88200,-5412.521,-1597.994,-4143.183
88230,-5294.176,-1522.909,-4320.768
88260,-5170.304,-1446.234,-4493.831
88290,-5041.035,-1368.049,-4662.191
88320,-4906.506,-1288.437,-4825.672
88350,-4766.859,-1207.480,-4984.106
88380,-4622.240,-1125.265,-5137.328
88410,-4472.802,-1041.876,-5285.179
88440,-4318.701,-957.400,-5427.506
88470,-4160.100,-871.928,-5564.161
88500,-3997.164,-785.546,-5695.003
88530,-3830.064,-698.347,-5819.897
88560,-3658.976,-610.420,-5938.713
88590,-3484.078,-521.858,-6051.329
88620,-3305.553,-432.752,-6157.629
88650,-3123.587,-343.196,-6257.502
88680,-2938.371,-253.282,-6350.847
88710,-2750.098,-163.106,-6437.566
88740,-2558.964,-72.759,-6517.570
88770,-2365.169,17.663,-6590.777
88800,-2168.914,108.067,-6657.111
88830,-1970.403,198.358,-6716.505
88860,-1769.845,288.443,-6768.897
88890,-1567.446,378.229,-6814.233
88920,-1363.418,467.621,-6852.467
88950,-1157.973,556.527,-6883.560
88980,-951.324,644.855,-6907.478
89010,-743.687,732.512,-6924.199
89040,-535.277,819.408,-6933.704
89070,-326.310,905.453,-6935.984
89100,-117.005,990.557,-6931.036
89130,92.422,1074.631,-6918.866
89160,301.753,1157.589,-6899.487
89190,510.771,1239.343,-6872.917
89220,719.257,1319.810,-6839.184
89250,926.996,1398.904,-6798.324
89280,1133.772,1476.545,-6750.377
89310,1339.368,1552.650,-6695.394
89340,1543.572,1627.141,-6633.431
89370,1746.171,1699.940,-6564.551
89400,1946.954,1770.971,-6488.825
89430,2145.712,1840.160,-6406.332
89460,2342.238,1907.435,-6317.156
89490,2536.327,1972.725,-6221.390
89520,2727.776,2035.962,-6119.132
89550,2916.385,2097.080,-6010.487
89580,3101.959,2156.015,-5895.567
89610,3284.302,2212.704,-5774.492
89640,3463.225,2267.089,-5647.386
89670,3638.540,2319.112,-5514.382
89700,3810.063,2368.719,-5375.615
89730,3977.615,2415.856,-5231.230
89760,4141.020,2460.475,-5081.377
89790,4300.108,2502.529,-4926.211
89820,4454.710,2541.972,-4765.893
89850,4604.664,2578.763,-4600.589
89880,4749.813,2612.863,-4430.471
89910,4890.004,2644.235,-4255.716
89940,5025.089,2672.847,-4076.506
89970,5154.926,2698.667,-3893.026
90000,5279.378,2721.668,-3705.469
90030,5398.313,2741.825,-3514.029
90060,5511.607,2759.116,-3318.906
90090,5619.138,2773.523,-3120.305
90120,5720.793,2785.029,-2918.431
90150,5816.464,2793.623,-2713.497
90180,5906.051,2799.293,-2505.717
90210,5989.457,2802.035,-2295.307
90240,6066.594,2801.844,-2082.489
90270,6137.380,2798.719,-1867.484
90300,6201.739,2792.664,-1650.519
90330,6259.604,2783.684,-1431.820
90360,6310.911,2771.789,-1211.618
90390,6355.607,2756.989,-990.142
90420,6393.643,2739.300,-767.627
90450,6424.978,2718.741,-544.305
90480,6449.578,2695.331,-320.410
90510,6467.417,2669.096,-96.179
90540,6478.475,2640.063,128.153
90570,6482.740,2608.261,352.351
90600,6480.207,2573.724,576.178
90630,6470.877,2536.488,799.399
90660,6454.760,2496.591,1021.779
90690,6431.872,2454.075,1243.085
90720,6402.237,2408.985,1463.083
90750,6365.885,2361.368,1681.542
90780,6322.855,2311.273,1898.232
90810,6273.191,2258.754,2112.926
90840,6216.946,2203.864,2325.396
90870,6154.178,2146.663,2535.420
90900,6084.954,2087.209,2742.777
90930,6009.345,2025.566,2947.249
90960,5927.432,1961.797,3148.620
90990,5839.300,1895.970,3346.679
91020,5745.043,1828.155,3541.218
91050,5644.759,1758.421,3732.032
91080,5538.554,1686.843,3918.921
91110,5426.540,1613.496,4101.688
91140,5308.834,1538.457,4280.141
91170,5185.561,1461.804,4454.094
91200,5056.850,1383.618,4623.364
91230,4922.837,1303.982,4787.772
91260,4783.662,1222.978,4947.147
91290,4639.472,1140.692,5101.321
91320,4490.419,1057.210,5250.133
91350,4336.659,972.621,5393.427
91380,4178.353,887.011,5531.054
91410,4015.669,800.473,5662.868
91440,3848.777,713.095,5788.731
91470,3677.852,624.970,5908.514
91500,3503.074,536.191,6022.089
91530,3324.626,446.850,6129.338
91560,3142.695,357.041,6230.149
91590,2957.473,266.857,6324.418
91620,2769.154,176.395,6412.044
91650,2577.934,85.747,6492.938
91680,2384.015,-4.990,6567.013
91710,2187.600,-95.722,6634.194
91740,1988.895,-186.353,6694.411
91770,1788.107,-276.790,6747.599
91800,1585.447,-366.937,6793.704
91830,1381.127,-456.699,6832.678
91860,1175.362,-545.984,6864.480
91890,968.366,-634.697,6889.076
91920,760.357,-722.746,6906.443
91950,551.552,-810.038,6916.560
91980,342.169,-896.482,6919.418
92010,132.428,-981.988,6915.013
92040,-77.451,-1066.466,6903.351
92070,-287.249,-1149.827,6884.444
92100,-496.747,-1231.985,6858.310
92130,-705.725,-1312.854,6824.978
92160,-913.964,-1392.348,6784.482
92190,-1121.246,-1470.384,6736.865
92220,-1327.354,-1546.882,6682.175
92250,-1532.073,-1621.759,6620.470
92280,-1735.187,-1694.939,6551.815
92310,-1936.485,-1766.344,6476.281
92340,-2135.755,-1835.899,6393.947
92370,-2332.788,-1903.531,6304.899
92400,-2527.378,-1969.170,6209.229
92430,-2719.321,-2032.747,6107.039
92460,-2908.415,-2094.194,5998.433
92490,-3094.463,-2153.447,5883.527
92520,-3277.268,-2210.444,5762.440
92550,-3456.640,-2265.125,5635.299
92580,-3632.389,-2317.433,5502.237
92610,-3804.332,-2367.311,5363.393
92640,-3972.287,-2414.709,5218.912
92670,-4136.079,-2459.576,5068.946
92700,-4295.535,-2501.864,4913.652
92730,-4450.488,-2541.529,4753.193
92760,-4600.775,-2578.530,4587.737
92790,-4746.237,-2612.827,4417.457
92820,-4886.722,-2644.384,4242.532
92850,-5022.083,-2673.167,4063.146
92880,-5152.176,-2699.148,3879.487
92910,-5276.865,-2722.297,3691.748
92940,-5396.020,-2742.590,3500.126
92970,-5509.514,-2760.007,3304.823
93000,-5617.228,-2774.528,3106.043
93030,-5719.049,-2786.139,2903.996
93060,-5814.871,-2794.826,2698.894
93090,-5904.592,-2800.582,2490.954
93120,-5988.118,-2803.399,2280.392
93150,-6065.362,-2803.275,2067.432
93180,-6136.243,-2800.211,1852.297
93210,-6200.686,-2794.208,1635.214
93240,-6258.624,-2785.274,1416.410
93270,-6309.996,-2773.419,1196.117
93300,-6354.750,-2758.654,974.565
93330,-6392.838,-2740.995,751.989
93360,-6424.221,-2720.462,528.621
93390,-6448.866,-2697.076,304.698
93420,-6466.749,-2670.861,80.455
93450,-6477.851,-2641.846,-143.874
93480,-6482.162,-2610.061,-368.051
93510,-6479.678,-2575.540,-591.841
93540,-6470.402,-2538.319,-815.009
93570,-6454.346,-2498.439,-1037.321
93600,-6431.527,-2455.940,-1258.543
93630,-6401.969,-2410.869,-1478.442
93660,-6365.706,-2363.273,-1696.789
93690,-6322.777,-2313.201,-1913.355
93720,-6273.228,-2260.708,-2127.911
93750,-6217.112,-2205.848,-2340.235
93780,-6154.489,-2148.679,-2550.102
93810,-6085.426,-2089.263,-2757.294
93840,-6009.997,-2027.660,-2961.593
93870,-5928.283,-1963.937,-3162.787
93900,-5840.370,-1898.161,-3360.665
93930,-5746.351,-1830.400,-3555.020
93960,-5646.327,-1760.726,-3745.650
93990,-5540.404,-1689.212,-3932.355
94020,-5428.693,-1615.934,-4114.942
94050,-5311.313,-1540.969,-4293.220
94080,-5188.388,-1464.395,-4467.004
94110,-5060.047,-1386.292,-4636.112
94140,-4926.426,-1306.742,-4800.370
94170,-4787.666,-1225.830,-4959.607
94200,-4643.912,-1143.638,-5113.656
94230,-4495.316,-1060.255,-5262.360
94260,-4342.034,-975.766,-5405.562
94290,-4184.227,-890.260,-5543.116
94320,-4022.060,-803.827,-5674.879
94350,-3855.703,-716.556,-5800.714
94380,-3685.331,-628.539,-5920.491
94410,-3511.121,-539.867,-6034.087
94440,-3333.256,-450.633,-6141.384
94470,-3151.922,-360.931,-6242.272
94500,-2967.307,-270.853,-6336.647
94530,-2779.606,-180.493,-6424.411
94560,-2589.012,-89.945,-6505.473
94590,-2395.726,0.697,-6579.751
94620,-2199.949,91.337,-6647.168
94650,-2001.884,181.883,-6707.654
94680,-1801.737,272.240,-6761.147
94710,-1599.718,362.313,-6807.593
94740,-1396.036,452.010,-6846.943
94770,-1190.902,541.237,-6879.158
94800,-984.531,629.902,-6904.203
94830,-777.137,717.912,-6922.053
94860,-568.935,805.176,-6932.690
94890,-360.142,891.603,-6936.103
94920,-150.974,977.103,-6932.289
94950,58.350,1061.589,-6921.251
94980,267.614,1144.970,-6903.000
95010,476.599,1227.162,-6877.556
95040,685.089,1308.079,-6844.944
95070,892.868,1387.636,-6805.199
95100,1099.717,1465.750,-6758.360
95130,1305.424,1542.341,-6704.477
95160,1509.774,1617.328,-6643.604
95190,1712.553,1690.633,-6575.803
95220,1913.552,1762.180,-6501.146
95250,2112.560,1831.895,-6419.709
95280,2309.370,1899.703,-6331.575
95310,2503.778,1965.535,-6236.835
95340,2695.580,2029.322,-6135.588
95370,2884.577,2090.996,-6027.937
95400,3070.570,2150.493,-5913.994
95430,3253.366,2207.752,-5793.876
95460,3432.774,2262.710,-5667.707
95490,3608.605,2315.312,-5535.618
95520,3780.677,2365.501,-5397.745
95550,3948.808,2413.225,-5254.231
95580,4112.823,2458.433,-5105.225
95610,4272.549,2501.077,-4950.882
95640,4427.818,2541.113,-4791.360
95670,4578.468,2578.498,-4626.827
95700,4724.341,2613.192,-4457.452
95730,4865.282,2645.158,-4283.412
95760,5001.143,2674.363,-4104.887
95790,5131.782,2700.774,-3922.065
95820,5257.059,2724.365,-3735.134
95850,5376.844,2745.108,-3544.289
95880,5491.009,2762.983,-3349.731
95910,5599.434,2777.969,-3151.661
95940,5702.004,2790.051,-2950.286
95970,5798.609,2799.214,-2745.818
96000,5889.149,2805.449,-2538.469
96030,5973.526,2808.748,-2328.457
96060,6051.651,2809.107,-2116.001
96090,6123.441,2806.526,-1901.325
96120,6188.820,2801.006,-1684.652
96150,6247.716,2792.553,-1466.210
96180,6300.069,2781.174,-1246.228
96210,6345.821,2766.882,-1024.936
96240,6384.924,2749.691,-802.568
96270,6417.335,2729.618,-579.357
96300,6443.020,2706.683,-355.536
96330,6461.950,2680.912,-131.342
96360,6474.106,2652.329,92.990
96390,6479.473,2620.965,317.224
96420,6478.044,2586.853,541.125
96450,6469.822,2550.028,764.457
96480,6454.814,2510.528,986.984
96510,6433.035,2468.394,1208.474
96540,6404.508,2423.671,1428.693
96570,6369.262,2376.406,1647.408
96600,6327.334,2326.648,1864.391
96630,6278.767,2274.448,2079.412
96660,6223.613,2219.862,2292.246
96690,6161.930,2162.947,2502.669
96720,6093.781,2103.763,2710.459
96750,6019.240,2042.372,2915.397
96780,5938.383,1978.838,3117.268
96810,5851.297,1913.228,3315.860
96840,5758.072,1845.611,3510.965
96870,5658.806,1776.058,3702.376
96900,5553.605,1704.642,3889.893
96930,5442.579,1631.438,4073.320
96960,5325.845,1556.523,4252.462
96990,5203.525,1479.975,4427.132
97020,5075.748,1401.875,4597.148
97050,4942.649,1322.306,4762.330
97080,4804.368,1241.350,4922.505
97110,4661.049,1159.092,5077.505
97140,4512.845,1075.620,5227.168
97170,4359.910,991.020,5371.337
97200,4202.406,905.381,5509.862
97230,4040.497,818.794,5642.596
97260,3874.355,731.349,5769.401
97290,3704.153,643.137,5890.145
97320,3530.070,554.251,6004.701
97350,3352.289,464.785,6112.950
97380,3170.996,374.832,6214.777
97410,2986.382,284.486,6310.078
97440,2798.641,193.843,6398.752
97470,2607.968,102.996,6480.706
97500,2414.565,12.042,6555.856
97530,2218.633,-78.925,6624.123
97560,2020.378,-169.810,6685.435
97590,1820.008,-260.516,6739.729
97620,1617.732,-350.950,6786.947
97650,1413.763,-441.016,6827.042
97680,1208.315,-530.621,6859.970
97710,1001.601,-619.670,6885.698
97740,793.839,-708.071,6904.199
97770,585.245,-795.730,6915.453
97800,376.040,-882.557,6919.449
97830,166.440,-968.460,6916.183
97860,-43.333,-1053.349,6905.658
97890,-253.061,-1137.135,6887.885
97920,-462.525,-1219.731,6862.882
97950,-671.504,-1301.051,6830.677
97980,-879.780,-1381.008,6791.301
98010,-1087.135,-1459.520,6744.796
98040,-1293.352,-1536.503,6691.212
98070,-1498.215,-1611.878,6630.603
98100,-1701.510,-1685.566,6563.032
98130,-1903.023,-1757.488,6488.572
98160,-2102.543,-1827.570,6407.298
98190,-2299.861,-1895.739,6319.296
98220,-2494.771,-1961.922,6224.658
98250,-2687.067,-2026.049,6123.482
98280,-2876.549,-2088.055,6015.875
98310,-3063.018,-2147.873,5901.949
98340,-3246.277,-2205.441,5781.823
98370,-3426.136,-2260.698,5655.622
98400,-3602.404,-2313.587,5523.479
98430,-3774.896,-2364.050,5385.531
98460,-3943.433,-2412.036,5241.924
98490,-4107.836,-2457.494,5092.808
98520,-4267.933,-2500.375,4938.338
98550,-4423.556,-2540.636,4778.678
98580,-4574.540,-2578.232,4613.994
98610,-4720.729,-2613.126,4444.458
98640,-4861.967,-2645.279,4270.249
98670,-4998.106,-2674.657,4091.550
98700,-5129.003,-2701.231,3908.549
98730,-5254.520,-2724.972,3721.436
98760,-5374.526,-2745.854,3530.410
98790,-5488.895,-2763.856,3335.670
98820,-5597.505,-2778.958,3137.422
98850,-5700.243,-2791.146,2935.873
98880,-5797.001,-2800.405,2731.236
98910,-5887.678,-2806.726,2523.726
98940,-5972.177,-2810.102,2313.561
98970,-6050.411,-2810.531,2100.962
99000,-6122.297,-2808.010,1886.153
99030,-6187.760,-2802.544,1669.360
99060,-6246.732,-2794.138,1450.811
99090,-6299.150,-2782.800,1230.736
99120,-6344.961,-2768.544,1009.367
99150,-6384.117,-2751.383,786.936
99180,-6416.576,-2731.337,563.677
99210,-6442.306,-2708.426,339.825
99240,-6461.281,-2682.675,115.616
99270,-6473.480,-2654.111,-108.714
99300,-6478.892,-2622.765,-332.930
99330,-6477.513,-2588.669,-556.796
99360,-6469.344,-2551.859,-780.077
99390,-6454.395,-2512.376,-1002.539
99420,-6432.683,-2470.259,-1223.947
99450,-6404.232,-2425.555,-1444.069
99480,-6369.073,-2378.310,-1662.674
99510,-6327.244,-2328.575,-1879.534
99540,-6278.790,-2276.401,-2094.420
99570,-6223.763,-2221.844,-2307.108
99600,-6162.221,-2164.962,-2517.375
99630,-6094.232,-2105.815,-2725.001
99660,-6019.868,-2044.464,-2929.768
99690,-5939.207,-1980.975,-3131.462
99720,-5852.336,-1915.415,-3329.873
99750,-5759.346,-1847.852,-3524.794
99780,-5660.338,-1778.358,-3716.021
99810,-5555.415,-1707.006,-3903.355
99840,-5444.689,-1633.871,-4086.600
99870,-5328.276,-1559.029,-4265.566
99900,-5206.301,-1482.560,-4440.066
99930,-5078.891,-1404.543,-4609.919
99960,-4946.181,-1325.061,-4774.949
99990,-4808.311,-1244.196,-4934.983
100020,-4665.426,-1162.033,-5089.856
100050,-4517.676,-1078.659,-5239.408
100080,-4365.216,-994.160,-5383.483
100110,-4208.207,-908.625,-5521.932
100140,-4046.813,-822.143,-5654.611
100170,-3881.203,-734.805,-5781.384
100200,-3711.550,-646.701,-5902.119
100230,-3538.033,-557.924,-6016.692
100260,-3360.833,-468.566,-6124.985
100290,-3180.134,-378.721,-6226.884
100320,-2996.126,-288.481,-6322.286
100350,-2809.001,-197.941,-6411.093
100380,-2618.953,-107.196,-6493.211
100410,-2426.182,-16.338,-6568.558
100440,-2230.887,74.536,-6637.055
100470,-2033.273,165.332,-6698.632
100500,-1833.544,255.957,-6753.226
100530,-1631.909,346.316,-6800.779
100560,-1428.578,436.315,-6841.245
100590,-1223.763,525.860,-6874.580
100620,-1017.675,614.859,-6900.751
100650,-810.529,703.218,-6919.731
100680,-602.541,790.847,-6931.499
100710,-393.927,877.654,-6936.045
100740,-184.904,963.549,-6933.364
100770,24.311,1048.443,-6923.457
100800,233.502,1132.247,-6906.336
100830,442.449,1214.874,-6882.018
100860,650.937,1296.239,-6850.528
100890,858.748,1376.256,-6811.899
100920,1065.667,1454.843,-6766.169
100950,1271.477,1531.917,-6713.386
100980,1475.966,1607.399,-6653.605
101010,1678.920,1681.209,-6586.886
101040,1880.128,1753.271,-6513.299
101070,2079.380,1823.509,-6432.919
101100,2276.470,1891.850,-6345.829
101130,2471.190,1958.223,-6252.119
101160,2663.340,2022.559,-6151.885
101190,2852.717,2084.789,-6045.230
101220,3039.124,2144.848,-5932.266
101250,3222.367,2202.675,-5813.107
101280,3402.254,2258.207,-5687.878
101310,3578.597,2311.387,-5556.708
101340,3751.211,2362.159,-5419.733
101370,3919.915,2410.469,-5277.094
101400,4084.533,2456.266,-5128.939
101430,4244.893,2499.502,-4975.422
101460,4400.825,2540.131,-4816.701
101490,4552.166,2578.110,-4652.942
101520,4698.756,2613.399,-4484.314
101550,4840.443,2645.960,-4310.994
101580,4977.075,2675.758,-4133.160
101610,5108.511,2702.763,-3950.998
101640,5234.609,2726.944,-3764.698
101670,5355.239,2748.276,-3574.454
101700,5470.272,2766.735,-3380.464
101730,5579.586,2782.302,-3182.931
101760,5683.066,2794.961,-2982.061
101790,5780.603,2804.695,-2778.063
101820,5872.092,2811.496,-2571.151
101850,5957.437,2815.355,-2361.542
101880,6036.546,2816.268,-2149.455
101910,6109.337,2814.232,-1935.111
101940,6175.731,2809.250,-1718.736
101970,6235.657,2801.325,-1500.556
102000,6289.052,2790.467,-1280.800
102030,6335.858,2776.685,-1059.699
102060,6376.026,2759.993,-837.484
102090,6409.511,2740.410,-614.389
102120,6436.278,2717.953,-390.648
102150,6456.299,2692.648,-166.497
102180,6469.550,2664.520,57.829
102210,6476.017,2633.597,282.094
102240,6475.693,2599.913,506.063
102270,6468.578,2563.502,729.500
102300,6454.678,2524.402,952.169
102330,6434.008,2482.655,1173.837
102360,6406.588,2438.303,1394.271
102390,6372.447,2391.393,1613.237
102420,6331.621,2341.974,1830.507
102450,6284.152,2290.098,2045.851
102480,6230.090,2235.820,2259.042
102510,6169.492,2179.196,2469.858
102540,6102.420,2120.285,2678.075
102570,6028.947,2059.150,2883.474
102600,5949.148,1995.855,3085.840
102630,5863.108,1930.466,3284.961
102660,5770.917,1863.051,3480.625
102690,5672.672,1793.682,3672.629
102720,5568.477,1722.432,3860.770
102750,5458.441,1649.375,4044.850
102780,5342.680,1574.588,4224.676
102810,5221.316,1498.150,4400.060
102840,5094.477,1420.140,4570.817
102870,4962.295,1340.642,4736.768
102900,4824.910,1259.738,4897.739
102930,4682.467,1177.513,5053.561
102960,4535.115,1094.053,5204.072
102990,4383.010,1009.447,5349.112
103020,4226.310,923.783,5488.531
103050,4065.181,837.151,5622.182
103080,3899.792,749.641,5749.925
103110,3730.317,661.346,5871.628
103140,3556.934,572.359,5987.162
103170,3379.824,482.771,6096.406
103200,3199.174,392.678,6199.247
103230,3015.173,302.173,6295.578
103260,2828.014,211.352,6385.296
103290,2637.894,120.310,6468.310
103320,2445.011,29.142,6544.531
103350,2249.568,-62.057,6613.882
103380,2051.769,-153.191,6676.288
103410,1851.822,-244.164,6731.686
103440,1649.937,-334.882,6780.016
103470,1446.324,-425.249,6821.230
103500,1241.198,-515.171,6855.284
103530,1034.772,-604.553,6882.143
103560,827.262,-693.303,6901.778
103590,618.887,-781.327,6914.169
103620,409.864,-868.534,6919.303
103650,200.412,-954.831,6917.175
103680,-9.249,-1040.129,6907.786
103710,-218.901,-1124.338,6891.148
103740,-428.324,-1207.370,6867.277
103770,-637.299,-1289.138,6836.198
103800,-845.606,-1369.557,6797.943
103830,-1053.028,-1448.542,6752.553
103860,-1259.348,-1526.010,6700.075
103890,-1464.349,-1601.881,6640.562
103920,-1667.817,-1676.075,6574.079
103950,-1869.539,-1748.514,6500.693
103980,-2069.304,-1819.122,6420.481
104010,-2266.901,-1887.825,6333.528
104040,-2462.124,-1954.550,6239.923
104070,-2654.768,-2019.229,6139.766
104100,-2844.632,-2081.792,6033.159
104130,-3031.515,-2142.175,5920.216
104160,-3215.223,-2200.313,5801.053
104190,-3395.562,-2256.146,5675.796
104220,-3572.343,-2309.615,5544.575
104250,-3745.380,-2360.664,5407.528
104280,-3914.492,-2409.238,5264.798
104310,-4079.501,-2455.287,5116.535
104340,-4240.234,-2498.763,4962.894
104370,-4396.521,-2539.619,4804.036
104400,-4548.199,-2577.812,4640.127
104430,-4695.108,-2613.302,4471.341
104460,-4837.093,-2646.052,4297.853
104490,-4974.006,-2676.027,4119.845
104520,-5105.703,-2703.195,3937.505
104550,-5232.044,-2727.529,3751.024
104580,-5352.897,-2749.001,3560.598
104610,-5468.136,-2767.590,3366.427
104640,-5577.638,-2783.275,3168.715
104670,-5681.289,-2796.041,2967.670
104700,-5778.979,-2805.873,2763.503
104730,-5870.607,-2812.762,2556.429
104760,-5956.076,-2816.699,2346.665
104790,-6035.296,-2817.682,2134.433
104820,-6108.185,-2815.709,1919.956
104850,-6174.665,-2810.781,1703.459
104880,-6234.667,-2802.905,1485.170
104910,-6288.129,-2792.088,1265.319
104940,-6334.995,-2778.343,1044.137
104970,-6375.216,-2761.683,821.857
105000,-6408.750,-2742.127,598.713
105030,-6435.563,-2719.695,374.939
105060,-6455.627,-2694.410,150.770
105090,-6468.922,-2666.301,-73.557
105120,-6475.434,-2635.396,-297.806
105150,-6475.159,-2601.728,-521.743
105180,-6468.096,-2565.333,-745.131
105210,-6454.254,-2526.250,-967.736
105240,-6433.650,-2484.519,-1189.324
105270,-6406.305,-2440.186,-1409.663
105300,-6372.249,-2393.296,-1628.521
105330,-6331.520,-2343.900,-1845.670
105360,-6284.161,-2292.050,-2060.880
105390,-6230.223,-2237.800,-2273.927
105420,-6169.765,-2181.208,-2484.588
105450,-6102.850,-2122.334,-2692.642
105480,-6029.551,-2061.239,-2897.871
105510,-5949.945,-1997.989,-3100.061
105540,-5864.117,-1932.649,-3299.000
105570,-5772.159,-1865.288,-3494.482
105600,-5674.167,-1795.978,-3686.301
105630,-5570.247,-1724.791,-3874.257
105660,-5460.507,-1651.803,-4058.156
105690,-5345.065,-1577.089,-4237.805
105720,-5224.042,-1500.729,-4413.017
105750,-5097.566,-1422.802,-4583.611
105780,-4965.770,-1343.391,-4749.408
105810,-4828.793,-1262.577,-4910.236
105840,-4686.780,-1180.447,-5065.929
105870,-4539.879,-1097.086,-5216.325
105900,-4388.245,-1012.581,-5361.269
105930,-4232.038,-927.021,-5500.609
105960,-4071.420,-840.495,-5634.202
105990,-3906.561,-753.093,-5761.909
106020,-3737.634,-664.907,-5883.599
106050,-3564.814,-576.028,-5999.146
106080,-3388.283,-486.550,-6108.430
106110,-3208.224,-396.565,-6211.339
106140,-3024.828,-306.168,-6307.766
106170,-2838.284,-215.452,-6397.612
106200,-2648.787,-124.512,-6480.785
106230,-2456.535,-33.442,-6557.198
106260,-2261.728,57.662,-6626.774
106290,-2064.569,148.707,-6689.440
106320,-1865.264,239.597,-6745.132
106350,-1664.019,330.238,-6793.793
106380,-1461.045,420.535,-6835.372
106410,-1256.553,510.396,-6869.827
106440,-1050.754,599.726,-6897.123
106470,-843.863,688.432,-6917.231
106500,-636.095,776.423,-6930.131
106530,-427.666,863.608,-6935.810
106560,-218.793,949.895,-6934.261
106590,-9.692,1035.194,-6925.487
106620,199.419,1119.418,-6909.495
106650,408.322,1202.479,-6886.304
106680,616.801,1284.289,-6855.936
106710,824.639,1364.765,-6818.423
106740,1031.620,1443.823,-6773.803
106770,1237.528,1521.379,-6722.123
106800,1442.150,1597.353,-6663.434
106830,1645.272,1671.667,-6597.798
106860,1846.684,1744.242,-6525.283
106890,2046.174,1815.003,-6445.962
106920,2243.536,1883.877,-6359.918
106950,2438.564,1950.790,-6267.239
106980,2631.054,2015.673,-6168.021
107010,2820.807,2078.458,-6062.366
107040,3007.622,2139.080,-5950.383
107070,3191.306,2197.474,-5832.187
107100,3371.666,2253.580,-5707.901
107130,3548.514,2307.338,-5577.654
107160,3721.665,2358.692,-5441.579
107190,3890.938,2407.588,-5299.818
107220,4056.154,2453.975,-5152.517
107250,4217.141,2497.802,-4999.830
107280,4373.730,2539.025,-4841.914
107310,4525.757,2577.599,-4678.933
107340,4673.061,2613.484,-4511.057
107370,4815.487,2646.640,-4338.460
107400,4952.886,2677.034,-4161.322
107430,5085.114,2704.632,-3979.826
107460,5212.029,2729.405,-3794.161
107490,5333.499,2751.326,-3604.522
107520,5449.395,2770.372,-3411.106
107550,5559.595,2786.522,-3214.115
107580,5663.981,2799.758,-3013.754
107610,5762.444,2810.067,-2810.232
107640,5854.879,2817.436,-2603.763
107670,5941.188,2821.856,-2394.562
107700,6021.280,2823.324,-2182.848
107730,6095.068,2821.836,-1968.843
107760,6162.474,2817.394,-1752.771
107790,6223.427,2810.001,-1534.859
107820,6277.862,2799.665,-1315.334
107850,6325.720,2786.396,-1094.428
107880,6366.949,2770.208,-872.373
107910,6401.507,2751.116,-649.400
107940,6429.354,2729.141,-425.745
107970,6450.462,2704.305,-201.643
108000,6464.808,2676.633,22.672
108030,6472.374,2646.156,246.962
108060,6473.154,2612.903,470.993
108090,6467.145,2576.910,694.529
108120,6454.352,2538.214,917.334
108150,6434.789,2496.856,1139.175
108180,6408.477,2452.878,1359.817
108210,6375.441,2406.328,1579.029
108240,6335.717,2357.252,1796.580
108270,6289.346,2305.704,2012.240
108300,6236.376,2251.737,2225.785
108330,6176.864,2195.407,2436.987
108360,6110.870,2136.774,2645.626
108390,6038.466,2075.899,2851.482
108420,5959.726,2012.846,3054.337
108450,5874.734,1947.681,3253.980
108480,5783.579,1880.474,3450.200
108510,5686.357,1811.293,3642.791
108540,5583.169,1740.213,3831.550
108570,5474.126,1667.307,4016.280
108600,5359.341,1592.652,4196.786
108630,5238.935,1516.327,4372.878
108660,5113.035,1438.412,4544.372
108690,4981.774,1358.989,4711.088
108720,4845.289,1278.140,4872.850
108750,4703.724,1195.952,5029.490
108780,4557.228,1112.510,5180.844
108810,4405.956,1027.902,5326.751
108840,4250.065,942.216,5467.061
108870,4089.720,855.543,5601.625
108900,3925.089,767.973,5730.304
108930,3756.345,679.599,5852.961
108960,3583.666,590.512,5969.470
108990,3407.232,500.807,6079.708
109020,3227.229,410.578,6183.560
109050,3043.845,319.918,6280.917
109080,2857.274,228.923,6371.678
109110,2667.710,137.689,6455.748
109140,2475.353,46.310,6533.040
109170,2280.404,-45.117,6603.471
109200,2083.067,-136.497,6666.970
109230,1883.549,-227.734,6723.470
109260,1682.059,-318.732,6772.912
109290,1478.808,-409.397,6815.244
109320,1274.009,-499.634,6850.422
109350,1067.877,-589.347,6878.410
109380,860.627,-678.443,6899.179
109410,652.476,-766.829,6912.706
109440,443.642,-854.413,6918.978
109470,234.343,-941.102,6917.987
109500,24.799,-1026.806,6909.737
109530,-184.770,-1111.435,6894.233
109560,-394.147,-1194.901,6871.494
109590,-603.110,-1277.116,6841.543
109620,-811.443,-1357.994,6804.410
109650,-1018.926,-1437.451,6760.135
109680,-1225.342,-1515.403,6708.763
109710,-1430.476,-1591.768,6650.349
109740,-1634.111,-1666.467,6584.954
109770,-1836.036,-1739.421,6512.644
109800,-2036.038,-1810.553,6433.497
109830,-2233.908,-1879.789,6347.594
109860,-2429.439,-1947.057,6255.026
109890,-2622.425,-2012.285,6155.888
109920,-2812.664,-2075.406,6050.285
109950,-2999.957,-2136.353,5938.327
109980,-3184.107,-2195.061,5820.131
110010,-3364.921,-2251.469,5695.820
110040,-3542.209,-2305.519,5565.525
110070,-3715.785,-2357.152,5429.381
110100,-3885.466,-2406.315,5287.532
110130,-4051.075,-2452.956,5140.126
110160,-4212.438,-2497.025,4987.317
110190,-4369.385,-2538.477,4829.266
110220,-4521.751,-2577.268,4666.138
110250,-4669.375,-2613.356,4498.104
110280,-4812.104,-2646.703,4325.341
110310,-4949.786,-2677.276,4148.030
110340,-5082.276,-2705.040,3966.356
110370,-5209.437,-2729.967,3780.511
110400,-5331.133,-2752.031,3590.690
110430,-5447.237,-2771.208,3397.092
110460,-5557.627,-2787.478,3199.922
110490,-5662.187,-2800.824,2999.385
110520,-5760.806,-2811.231,2795.693
110550,-5853.382,-2818.689,2589.060
110580,-5939.817,-2823.190,2379.704
110610,-6020.020,-2824.729,2167.844
110640,-6093.908,-2823.305,1953.704
110670,-6161.402,-2818.919,1737.509
110700,-6222.432,-2811.575,1519.486
110730,-6276.935,-2801.282,1299.865
110760,-6324.853,-2788.050,1078.876
110790,-6366.137,-2771.894,856.753
110820,-6400.744,-2752.831,633.728
110850,-6428.637,-2730.880,410.037
110880,-6449.789,-2706.066,185.915
110910,-6464.178,-2678.414,-38.402
110940,-6471.789,-2647.954,-262.679
110970,-6472.616,-2614.717,-486.680
111000,-6466.658,-2578.741,-710.170
111030,-6453.923,-2540.061,-932.913
111060,-6434.425,-2498.720,-1154.676
111090,-6408.186,-2454.761,-1375.226
111120,-6375.234,-2408.230,-1594.331
111150,-6335.605,-2359.178,-1811.763
111180,-6289.341,-2307.655,-2027.292
111210,-6236.494,-2253.716,-2240.692
111240,-6177.119,-2197.418,-2451.742
111270,-6111.279,-2138.820,-2660.218
111300,-6039.046,-2077.985,-2865.904
111330,-5960.496,-2014.977,-3068.584
111360,-5875.713,-1949.861,-3268.047
111390,-5784.788,-1882.707,-3464.084
111420,-5687.815,-1813.585,-3656.490
111450,-5584.900,-1742.567,-3845.065
111480,-5476.149,-1669.730,-4029.612
111510,-5361.680,-1595.148,-4209.940
111540,-5241.612,-1518.901,-4385.859
111570,-5116.072,-1441.068,-4557.188
111600,-4985.193,-1361.732,-4723.748
111630,-4849.112,-1280.974,-4885.367
111660,-4707.974,-1198.881,-5041.875
111690,-4561.926,-1115.537,-5193.112
111720,-4411.121,-1031.030,-5338.920
111750,-4255.720,-945.448,-5479.148
111780,-4095.883,-858.882,-5613.651
111810,-3931.779,-771.420,-5742.289
111840,-3763.580,-683.155,-5864.931
111870,-3591.462,-594.179,-5981.448
111900,-3415.604,-504.584,-6091.721
111930,-3236.191,-414.463,-6195.636
111960,-3053.410,-323.912,-6293.086
111990,-2867.452,-233.023,-6383.970
112020,-2678.511,-141.892,-6468.194
112050,-2486.784,-50.613,-6545.672
112080,-2292.470,40.718,-6616.324
112110,-2095.773,132.007,-6680.078
112140,-1896.896,223.159,-6736.867
112170,-1696.048,314.079,-6786.633
112200,-1493.436,404.672,-6829.325
112230,-1289.272,494.845,-6864.899
112260,-1083.768,584.503,-6893.319
112290,-877.137,673.554,-6914.555
112320,-669.595,761.905,-6928.586
112350,-461.357,849.464,-6935.397
112380,-252.640,936.140,-6934.981
112410,-43.660,1021.844,-6927.338
112440,165.365,1106.485,-6912.477
112470,374.219,1189.977,-6890.413
112500,582.683,1272.232,-6861.168
112530,790.542,1353.164,-6824.772
112560,997.579,1432.690,-6781.263
112590,1203.579,1510.727,-6730.685
112620,1408.328,1587.193,-6673.091
112650,1611.612,1662.008,-6608.540
112680,1813.221,1735.096,-6537.098
112710,2012.943,1806.378,-6458.839
112740,2210.572,1875.782,-6373.843
112770,2405.901,1943.234,-6282.197
112800,2598.726,2008.664,-6183.997
112830,2788.847,2072.004,-6079.344
112860,2976.065,2133.187,-5968.345
112890,3160.184,2192.148,-5851.115
112920,3341.012,2248.827,-5727.775
112950,3518.359,2303.163,-5598.453
112980,3692.042,2355.100,-5463.282
113010,3861.876,2404.583,-5322.402
113040,4027.685,2451.558,-5175.960
113070,4189.295,2495.978,-5024.106
113100,4346.536,2537.795,-4866.999
113130,4499.243,2576.965,-4704.801
113160,4647.255,2613.446,-4537.680
113190,4790.417,2647.199,-4365.811
113220,4928.577,2678.188,-4189.372
113250,5061.592,2706.381,-4008.547
113280,5189.319,2731.747,-3823.523
113310,5311.625,2754.259,-3634.494
113340,5428.380,2773.893,-3441.656
113370,5539.461,2790.627,-3245.211
113400,5644.750,2804.444,-3045.364
113430,5744.136,2815.328,-2842.324
113460,5837.513,2823.266,-2636.302
113490,5924.782,2828.251,-2427.515
113520,6005.851,2830.276,-2216.180
113550,6080.634,2829.338,-2002.519
113580,6149.050,2825.438,-1786.756
113610,6211.027,2818.579,-1569.117
113640,6266.498,2808.768,-1349.830
113670,6315.405,2796.015,-1129.125
113700,6357.695,2780.332,-907.234
113730,6393.322,2761.736,-684.390
113760,6422.248,2740.245,-460.826
113790,6444.442,2715.881,-236.778
113820,6459.880,2688.670,-12.481
113850,6468.545,2658.640,211.829
113880,6470.426,2625.822,435.917
113910,6465.522,2590.250,659.546
113940,6453.836,2551.962,882.481
113970,6435.381,2510.996,1104.488
114000,6410.175,2467.397,1325.334
114030,6378.244,2421.209,1544.785
114060,6339.622,2372.481,1762.611
114090,6294.349,2321.264,1978.583
114120,6242.472,2267.612,2192.474
114150,6184.046,2211.580,2404.058
114180,6119.131,2153.228,2613.114
114210,6047.797,2092.618,2819.420
114240,5970.118,2029.811,3022.760
114270,5886.175,1964.875,3222.920
114300,5796.057,1897.878,3419.690
114330,5699.859,1828.890,3612.863
114360,5597.682,1757.983,3802.236
114390,5489.633,1685.233,3987.610
114420,5375.826,1610.714,4168.791
114450,5256.381,1534.507,4345.587
114480,5131.424,1456.690,4517.813
114510,5001.086,1377.346,4685.289
114540,4865.504,1296.557,4847.840
114570,4724.821,1214.410,5005.293
114600,4579.184,1130.989,5157.486
114630,4428.748,1046.382,5304.257
114660,4273.669,960.679,5445.453
114690,4114.112,873.969,5580.927
114720,3950.243,786.343,5710.537
114750,3782.234,697.893,5834.147
114780,3610.263,608.712,5951.627
114810,3434.510,518.893,6062.855
114840,3255.159,428.531,6167.715
114870,3072.398,337.719,6266.097
114900,2886.419,246.554,6357.898
114930,2697.417,155.131,6443.022
114960,2505.591,63.546,6521.381
114990,2311.141,-28.107,6592.892
115020,2114.271,-119.729,6657.482
115050,1915.187,-211.227,6715.083
115080,1714.098,-302.503,6765.634
115110,1511.215,-393.462,6809.083
115140,1306.749,-484.010,6845.385
115170,1100.916,-574.051,6874.501
115200,893.931,-663.491,6896.402
115230,686.010,-752.236,6911.065
115260,477.370,-840.194,6918.474
115290,268.231,-927.273,6918.622
115320,58.811,-1013.381,6911.508
115350,-150.670,-1098.428,6897.140
115380,-359.993,-1182.326,6875.534
115410,-568.940,-1264.986,6846.710
115440,-777.292,-1346.321,6810.700
115470,-984.829,-1426.248,6767.541
115500,-1191.336,-1504.681,6717.278
115530,-1396.595,-1581.539,6659.964
115560,-1600.392,-1656.741,6595.658
115590,-1802.514,-1730.208,6524.427
115620,-2002.748,-1801.864,6446.345
115650,-2200.885,-1871.633,6361.495
115680,-2396.716,-1939.442,6269.965
115710,-2590.038,-2005.219,6171.850
115740,-2780.647,-2068.896,6067.253
115770,-2968.343,-2130.406,5956.282
115800,-3152.930,-2189.684,5839.056
115830,-3334.212,-2246.668,5715.694
115860,-3512.002,-2301.297,5586.328
115890,-3686.111,-2353.515,5451.091
115920,-3856.357,-2403.267,5310.127
115950,-4022.561,-2450.499,5163.581
115980,-4184.548,-2495.163,5011.609
116010,-4342.149,-2537.211,4854.368
116040,-4495.197,-2576.600,4692.024
116070,-4643.532,-2613.286,4524.748
116100,-4786.998,-2647.233,4352.714
116130,-4925.444,-2678.403,4176.103
116160,-5058.725,-2706.764,3995.100
116190,-5186.700,-2732.287,3809.896
116220,-5309.234,-2754.943,3620.685
116250,-5426.200,-2774.710,3427.666
116280,-5537.473,-2791.566,3231.042
116310,-5642.938,-2805.494,3031.019
116340,-5742.482,-2816.478,2827.807
116370,-5836.002,-2824.508,2621.621
116400,-5923.399,-2829.574,2412.677
116430,-6004.582,-2831.672,2201.195
116460,-6079.466,-2830.799,1987.397
116490,-6147.971,-2826.956,1771.509
116520,-6210.026,-2820.148,1553.757
116550,-6265.567,-2810.381,1334.371
116580,-6314.535,-2797.666,1113.582
116610,-6356.880,-2782.016,891.621
116640,-6392.557,-2763.448,668.722
116670,-6421.529,-2741.982,445.120
116700,-6443.768,-2717.641,221.050
116730,-6459.249,-2690.450,-3.252
116760,-6467.958,-2660.437,-227.551
116790,-6469.886,-2627.636,-451.610
116820,-6465.032,-2592.081,-675.196
116850,-6453.403,-2553.808,-898.071
116880,-6435.011,-2512.860,-1120.003
116910,-6409.876,-2469.279,-1340.758
116940,-6378.028,-2423.111,-1560.105
116970,-6339.499,-2374.405,-1777.813
117000,-6294.331,-2323.213,-1993.655
117030,-6242.574,-2269.589,-2207.404
117060,-6184.283,-2213.589,-2418.837
117090,-6119.520,-2155.273,-2627.731
117120,-6048.354,-2094.701,-2833.868
117150,-5970.862,-2031.939,-3037.034
117180,-5887.125,-1967.051,-3237.014
117210,-5797.233,-1900.107,-3433.601
117240,-5701.282,-1831.177,-3626.590
117270,-5599.373,-1760.333,-3815.778
117300,-5491.614,-1687.651,-4000.969
117330,-5378.119,-1613.205,-4181.970
117360,-5259.009,-1537.075,-4358.593
117390,-5134.408,-1459.341,-4530.653
117420,-5004.449,-1380.083,-4697.971
117450,-4869.268,-1299.385,-4860.375
117480,-4729.008,-1217.332,-5017.695
117510,-4583.816,-1134.010,-5169.768
117540,-4433.845,-1049.505,-5316.437
117570,-4279.252,-963.906,-5457.549
117600,-4120.200,-877.302,-5592.958
117630,-3956.855,-789.785,-5722.525
117660,-3789.389,-701.445,-5846.114
117690,-3617.977,-612.374,-5963.600
117720,-3442.797,-522.666,-6074.859
117750,-3264.034,-432.414,-6179.777
117780,-3081.874,-341.712,-6278.247
117810,-2896.506,-250.654,-6370.166
117840,-2708.126,-159.335,-6455.440
117870,-2516.928,-67.851,-6533.980
117900,-2323.113,23.704,-6605.707
117930,-2126.882,115.234,-6670.546
117960,-1928.439,206.644,-6728.430
117990,-1727.992,297.840,-6779.300
118020,-1525.748,388.726,-6823.104
118050,-1321.919,479.208,-6859.796
118080,-1116.715,569.192,-6889.339
118110,-910.351,658.584,-6911.702
118140,-703.040,747.292,-6926.863
118170,-494.999,835.223,-6934.806
118200,-286.444,922.286,-6935.523
118230,-77.591,1008.391,-6929.012
118260,131.343,1093.448,-6915.281
118290,340.140,1177.369,-6894.344
118320,548.584,1260.065,-6866.223
118350,756.457,1341.453,-6830.945
118380,963.544,1421.445,-6788.548
118410,1169.630,1499.961,-6739.075
118440,1374.500,1576.916,-6682.577
118470,1577.940,1652.233,-6619.111
118500,1779.740,1725.831,-6548.744
118530,1979.688,1797.634,-6471.548
118560,2177.578,1867.567,-6387.602
118590,2373.202,1935.557,-6296.992
118620,2566.356,2001.534,-6199.812
118650,2756.840,2065.427,-6096.163
118680,2944.453,2127.170,-5986.151
118710,3129.002,2186.699,-5869.889
118740,3310.291,2243.950,-5747.499
118770,3488.133,2298.864,-5619.105
118800,3662.341,2351.383,-5484.842
118830,3832.732,2401.452,-5344.847
118860,3999.129,2449.018,-5199.266
118890,4161.355,2494.030,-5048.250
118920,4319.243,2536.441,-4891.955
118950,4472.624,2576.207,-4730.544
118980,4621.339,2613.285,-4564.183
119010,4765.231,2647.635,-4393.047
119040,4904.149,2679.221,-4217.311
119070,5037.946,2708.010,-4037.161
119100,5166.481,2733.971,-3852.782
119130,5289.618,2757.075,-3664.367
119160,5407.228,2777.298,-3472.113
119190,5519.186,2794.618,-3276.220
119220,5625.373,2809.016,-3076.892
119250,5725.678,2820.477,-2874.338
119280,5819.993,2828.988,-2668.769
119310,5908.219,2834.538,-2460.401
119340,5990.263,2837.123,-2249.450
119370,6066.036,2836.737,-2036.139
119400,6135.458,2833.382,-1820.691
119430,6198.456,2827.060,-1603.330
119460,6254.962,2817.777,-1384.286
119490,6304.915,2805.542,-1163.788
119520,6348.262,2790.367,-942.067
119550,6384.957,2772.269,-719.357
119580,6414.960,2751.264,-495.890
119610,6438.239,2727.376,-271.902
119640,6454.768,2700.629,-47.628
119670,6464.529,2671.050,176.695
119700,6467.511,2638.670,400.833
119730,6463.710,2603.523,624.550
119760,6453.130,2565.645,847.609
119790,6435.782,2525.076,1069.778
119820,6411.682,2481.858,1290.821
119850,6380.856,2436.037,1510.506
119880,6343.336,2387.660,1728.602
119910,6299.161,2336.778,1944.880
119940,6248.377,2283.444,2159.112
119970,6191.038,2227.715,2371.072
120000,6127.203,2169.648,2580.538
120030,6056.940,2109.305,2787.290
120060,5980.322,2046.749,2991.109
120090,5897.430,1982.046,3191.782
120120,5808.351,1915.264,3389.097
120150,5713.179,1846.472,3582.847
120180,5612.013,1775.743,3772.828
120210,5504.961,1703.152,3958.842
120240,5392.135,1628.774,4140.692
120270,5273.654,1552.688,4318.187
120300,5149.642,1474.974,4491.142
120330,5020.230,1395.712,4659.374
120360,4885.554,1314.988,4822.707
120390,4745.756,1232.885,4980.970
120420,4600.982,1149.489,5133.998
120450,4451.386,1064.888,5281.629
120480,4297.123,979.171,5423.708
120510,4138.357,892.428,5560.089
120540,3975.254,804.750,5690.626
120570,3807.985,716.228,5815.184
120600,3636.727,626.956,5933.633
120630,3461.658,537.027,6045.848
120660,3282.963,446.536,6151.713
120690,3100.830,355.577,6251.117
120720,2915.448,264.245,6343.955
120750,2727.013,172.637,6430.132
120780,2535.723,80.848,6509.556
120810,2341.777,-11.026,6582.145
120840,2145.379,-102.888,6647.824
120870,1946.735,-194.643,6706.523
120900,1746.053,-286.193,6758.183
120930,1543.543,-377.445,6802.747
120960,1339.417,-468.300,6840.172
120990,1133.889,-558.666,6870.416
121020,927.174,-648.447,6893.449
121050,719.488,-737.549,6909.247
121080,511.050,-825.879,6917.793
121110,302.076,-913.345,6919.078
121140,92.786,-999.854,6913.102
121170,-116.601,-1085.317,6899.869
121200,-325.866,-1169.644,6879.395
121230,-534.789,-1252.747,6851.700
121260,-743.153,-1334.538,6816.814
121290,-950.739,-1414.932,6774.772
121320,-1157.330,-1493.845,6725.619
121350,-1362.709,-1571.194,6669.405
121380,-1566.662,-1646.898,6606.190
121410,-1768.974,-1720.878,6536.039
121440,-1969.433,-1793.056,6459.026
121470,-2167.831,-1863.356,6375.230
121500,-2363.958,-1931.704,6284.740
121530,-2557.609,-1998.030,6187.650
121560,-2748.582,-2062.263,6084.061
121590,-2936.675,-2124.335,5974.082
121620,-3121.692,-2184.182,5857.827
121650,-3303.438,-2241.741,5735.419
121680,-3481.723,-2296.950,5606.984
121710,-3656.359,-2349.753,5472.658
121740,-3827.164,-2400.093,5332.581
121770,-3993.957,-2447.918,5186.900
121800,-4156.564,-2493.176,5035.767
121830,-4314.813,-2535.821,4879.341
121860,-4468.539,-2575.808,4717.786
121890,-4617.580,-2613.094,4551.270
121920,-4761.778,-2647.640,4379.970
121950,-4900.984,-2679.409,4204.064
121980,-5035.049,-2708.368,4023.737
122010,-5163.834,-2734.487,3839.178
122040,-5287.202,-2757.738,3650.582
122070,-5405.025,-2778.096,3458.146
122100,-5517.177,-2795.540,3262.073
122130,-5623.542,-2810.051,3062.569
122160,-5724.008,-2821.614,2859.843
122190,-5818.468,-2830.217,2654.109
122220,-5906.824,-2835.851,2445.582
122250,-5988.984,-2838.510,2234.484
122280,-6064.860,-2838.190,2021.034
122310,-6134.373,-2834.893,1805.458
122340,-6197.450,-2828.623,1587.984
122370,-6254.027,-2819.384,1368.839
122400,-6304.042,-2807.188,1148.254
122430,-6347.445,-2792.048,926.461
122460,-6384.190,-2773.979,703.694
122490,-6414.240,-2753.000,480.187
122520,-6437.562,-2729.135,256.175
122550,-6454.134,-2702.407,31.893
122580,-6463.939,-2672.846,-192.422
122610,-6466.968,-2640.484,-416.534
122640,-6463.217,-2605.353,-640.209
122670,-6452.692,-2567.491,-863.211
122700,-6435.406,-2526.939,-1085.306
122730,-6411.376,-2483.740,-1306.261
122760,-6380.631,-2437.938,-1525.843
122790,-6343.202,-2389.583,-1743.824
122820,-6299.131,-2338.726,-1959.973
122850,-6248.465,-2285.420,-2174.065
122880,-6191.258,-2229.722,-2385.874
122910,-6127.572,-2171.690,-2595.181
122940,-6057.474,-2111.386,-2801.764
122970,-5981.041,-2048.874,-3005.409
123000,-5898.352,-1984.219,-3205.902
123030,-5809.496,-1917.489,-3403.034
123060,-5714.567,-1848.755,-3596.600
123090,-5613.667,-1778.088,-3786.397
123120,-5506.901,-1705.565,-3972.227
123150,-5394.384,-1631.259,-4153.897
123180,-5276.233,-1555.250,-4331.217
123210,-5152.574,-1477.618,-4504.004
123240,-5023.537,-1398.443,-4672.078
123270,-4889.259,-1317.809,-4835.263
123300,-4749.880,-1235.801,-4993.390
123330,-4605.548,-1152.504,-5146.296
123360,-4456.414,-1068.005,-5293.821
123390,-4302.634,-982.392,-5435.813
123420,-4144.371,-895.756,-5572.125
123450,-3981.789,-808.187,-5702.616
123480,-3815.060,-719.776,-5827.151
123510,-3644.357,-630.615,-5945.601
123540,-3469.861,-540.797,-6057.843
123570,-3291.752,-450.417,-6163.762
123600,-3110.217,-359.568,-6263.249
123630,-2925.445,-268.345,-6356.201
123660,-2737.631,-176.842,-6442.522
123690,-2546.968,-85.156,-6522.123
123720,-2353.656,6.619,-6594.922
123750,-2157.897,98.388,-6660.844
123780,-1959.893,190.053,-6719.822
123810,-1759.853,281.522,-6771.795
123840,-1557.982,372.697,-6816.709
123870,-1354.493,463.486,-6854.518
123900,-1149.595,553.792,-6885.183
123930,-943.503,643.523,-6908.673
123960,-736.430,732.585,-6924.964
123990,-528.592,820.886,-6934.038
124020,-320.204,908.334,-6935.887
124050,-111.484,994.838,-6930.509
124080,97.352,1080.307,-6917.908
124110,306.087,1164.655,-6898.099
124140,514.504,1247.791,-6871.101
124170,722.386,1329.631,-6836.943
124200,929.518,1410.089,-6795.658
124230,1135.683,1489.081,-6747.291
124260,1340.667,1566.525,-6691.889
124290,1544.257,1642.340,-6629.511
124320,1746.242,1716.448,-6560.221
124350,1946.410,1788.770,-6484.089
124380,2144.554,1859.231,-6401.195
124410,2340.467,1927.759,-6311.623
124440,2533.944,1994.280,-6215.467
124470,2724.785,2058.727,-6112.824
124500,2912.789,2121.030,-6003.801
124530,3097.761,2181.125,-5888.511
124560,3279.507,2238.948,-5767.072
124590,3457.837,2294.440,-5639.611
124620,3632.564,2347.541,-5506.258
124650,3803.507,2398.197,-5367.151
124680,3970.485,2446.352,-5222.436
124710,4133.323,2491.957,-5072.261
124740,4291.851,2534.963,-4916.782
124770,4445.903,2575.326,-4756.162
124800,4595.316,2613.001,-4590.565
124830,4739.933,2647.949,-4420.165
124860,4879.603,2680.133,-4245.138
124890,5014.177,2709.519,-4065.667
124920,5143.514,2736.075,-3881.938
124950,5267.479,2759.773,-3694.142
124980,5385.939,2780.587,-3502.476
125010,5498.769,2798.494,-3307.140
125040,5605.851,2813.476,-3108.336
125070,5707.070,2825.515,-2906.274
125100,5802.320,2834.600,-2701.163
125130,5891.500,2840.718,-2493.219
125160,5974.514,2843.864,-2282.658
125190,6051.275,2844.033,-2069.702
125220,6121.701,2841.225,-1854.573
125250,6185.717,2835.442,-1637.497
125280,6243.254,2826.689,-1418.701
125310,6294.251,2814.975,-1198.416
125340,6338.653,2800.311,-976.871
125370,6376.413,2782.714,-754.300
125400,6407.491,2762.200,-530.936
125430,6431.852,2738.790,-307.014
125460,6449.470,2712.509,-82.769
125490,6460.326,2683.384,141.562
125520,6464.408,2651.446,365.745
125550,6461.710,2616.726,589.543
125580,6452.235,2579.263,812.721
125610,6435.992,2539.094,1035.045
125640,6412.999,2496.261,1256.279
125670,6383.277,2450.810,1476.193
125700,6346.859,2402.787,1694.553
125730,6303.783,2352.244,1911.131
125760,6254.092,2299.233,2125.699
125790,6197.841,2243.810,2338.030
125820,6135.086,2186.032,2547.901
125850,6065.895,2125.961,2755.092
125880,5990.340,2063.660,2959.385
125910,5908.500,1999.193,3160.565
125940,5820.461,1932.629,3358.420
125970,5726.316,1864.038,3552.742
126000,5626.165,1793.491,3743.327
126030,5520.112,1721.063,3929.975
126060,5408.269,1646.830,4112.490
126090,5290.753,1570.869,4290.680
126120,5167.689,1493.261,4464.358
126150,5039.206,1414.087,4633.342
126180,4905.439,1333.431,4797.454
126210,4766.529,1251.376,4956.523
126240,4622.621,1168.010,5110.381
126270,4473.868,1083.419,5258.867
126300,4320.426,997.692,5401.827
126330,4162.455,910.920,5539.109
126360,4000.122,823.193,5670.571
126390,3833.597,734.604,5796.075
126420,3663.056,645.245,5915.489
126450,3488.676,555.209,6028.688
126480,3310.642,464.593,6135.555
126510,3129.141,373.489,6235.978
126540,2944.361,281.995,6329.851
126570,2756.498,190.205,6417.077
126600,2565.749,98.216,6497.565
126630,2372.312,6.124,6571.230
126660,2176.392,-85.975,6637.996
126690,1978.193,-177.983,6697.793
126720,1777.923,-269.805,6750.558
126750,1575.791,-361.344,6796.238
126780,1372.010,-452.506,6834.783
126810,1166.793,-543.193,6866.154
126840,960.354,-633.312,6890.318
126870,752.910,-722.768,6907.251
126900,544.678,-811.467,6916.933
126930,335.876,-899.317,6919.356
126960,126.722,-986.226,6914.517
126990,-82.564,-1072.102,6902.420
127020,-291.764,-1156.857,6883.079
127050,-500.659,-1240.400,6856.514
127080,-709.029,-1322.645,6822.751
127110,-916.658,-1403.505,6781.828
127140,-1123.326,-1482.896,6733.785
127170,-1328.819,-1560.734,6678.673
127200,-1532.920,-1636.939,6616.551
127230,-1735.417,-1711.429,6547.481
127260,-1936.096,-1784.128,6471.538
127290,-2134.748,-1854.958,6388.799
127320,-2331.165,-1923.845,6299.351
127350,-2525.140,-1990.718,6203.289
127380,-2716.470,-2055.506,6100.711
127410,-2904.954,-2118.140,5991.725
127440,-3090.396,-2178.556,5876.445
127470,-3272.599,-2236.689,5754.992
127500,-3451.374,-2292.478,5627.493
127530,-3626.532,-2345.865,5494.081
127560,-3797.889,-2396.794,5354.895
127590,-3965.266,-2445.211,5210.082
127620,-4128.486,-2491.064,5059.793
127650,-4287.379,-2534.307,4904.185
127680,-4441.777,-2574.892,4743.422
127710,-4591.518,-2612.778,4577.672
127740,-4736.445,-2647.924,4407.109
127770,-4876.404,-2680.293,4231.913
127800,-5011.250,-2709.852,4052.266
127830,-5140.840,-2736.568,3868.358
127860,-5265.037,-2760.414,3680.381
127890,-5383.713,-2781.365,3488.534
127920,-5496.741,-2799.398,3293.016
127950,-5604.002,-2814.494,3094.036
127980,-5705.385,-2826.638,2891.801
128010,-5800.782,-2835.817,2686.523
128040,-5890.093,-2842.020,2478.420
128070,-5973.225,-2845.241,2267.710
128100,-6050.090,-2845.478,2054.614
128130,-6120.608,-2842.729,1839.356
128160,-6184.705,-2836.999,1622.164
128190,-6242.314,-2828.292,1403.266
128220,-6293.374,-2816.617,1182.891
128250,-6337.833,-2801.989,961.272
128280,-6375.644,-2784.421,738.642
128310,-6406.769,-2763.933,515.236
128340,-6431.174,-2740.547,291.288
128370,-6448.835,-2714.287,67.033
128400,-6459.735,-2685.180,-157.292
128430,-6463.862,-2653.259,-381.452
128460,-6461.213,-2618.556,-605.211
128490,-6451.793,-2581.109,-828.334
128520,-6435.611,-2540.957,-1050.586
128550,-6412.686,-2498.142,-1271.735
128580,-6383.043,-2452.711,-1491.547
128610,-6346.715,-2404.710,-1709.794
128640,-6303.740,-2354.191,-1926.245
128670,-6254.165,-2301.207,-2140.674
128700,-6198.043,-2245.815,-2352.855
128730,-6135.435,-2188.072,-2562.568
128760,-6066.407,-2128.040,-2769.592
128790,-5991.033,-2065.781,-2973.712
128820,-5909.393,-2001.362,-3174.712
128850,-5821.574,-1934.851,-3372.385
128880,-5727.670,-1866.316,-3566.522
128910,-5627.780,-1795.832,-3756.923
128940,-5522.010,-1723.471,-3943.387
128970,-5410.472,-1649.310,-4125.721
129000,-5293.284,-1573.426,-4303.735
129030,-5170.570,-1495.900,-4477.244
129060,-5042.459,-1416.812,-4646.067
129090,-4909.086,-1336.246,-4810.029
129120,-4770.592,-1254.286,-4968.960
129150,-4627.123,-1171.018,-5122.694
129180,-4478.829,-1086.529,-5271.072
129210,-4325.866,-1000.908,-5413.941
129240,-4168.394,-914.243,-5551.153
129270,-4006.580,-826.625,-5682.565
129300,-3840.592,-738.147,-5808.041
129330,-3670.604,-648.899,-5927.452
129360,-3496.794,-558.976,-6040.675
129390,-3319.344,-468.471,-6147.592
129420,-3138.439,-377.479,-6248.093
129450,-2954.268,-286.094,-6342.075
129480,-2767.024,-194.411,-6429.441
129510,-2576.901,-102.526,-6510.100
129540,-2384.098,-10.534,-6583.970
129570,-2188.815,81.469,-6650.974
129600,-1991.257,173.387,-6711.044
129630,-1791.628,265.125,-6764.118
129660,-1590.137,356.587,-6810.141
129690,-1386.993,447.678,-6849.065
129720,-1182.407,538.305,-6880.852
129750,-976.592,628.371,-6905.468
129780,-769.763,717.785,-6922.887
129810,-562.133,806.453,-6933.093
129840,-353.919,894.283,-6936.074
129870,-145.338,981.183,-6931.828
129900,63.395,1067.063,-6920.358
129930,272.062,1151.835,-6901.677
129960,480.446,1235.410,-6875.804
129990,688.330,1317.700,-6842.764
130020,895.500,1398.621,-6802.594
130050,1101.738,1478.088,-6755.332
130080,1306.831,1556.019,-6701.029
130110,1510.565,1632.332,-6639.740
130140,1712.728,1706.947,-6571.528
130170,1913.110,1779.787,-6496.463
130200,2111.503,1850.776,-6414.623
130230,2307.698,1919.839,-6326.091
130260,2501.493,1986.905,-6230.959
130290,2692.684,2051.903,-6129.326
130320,2881.073,2114.766,-6021.295
130350,3066.462,2175.427,-5906.979
130380,3248.658,2233.822,-5786.495
130410,3427.470,2289.891,-5659.968
130440,3602.712,2343.574,-5527.529
130470,3774.200,2394.816,-5389.315
130500,3941.754,2443.561,-5245.468
130530,4105.199,2489.759,-5096.138
130560,4264.363,2533.361,-4941.480
130590,4419.079,2574.320,-4781.654
130620,4569.185,2612.594,-4616.825
130650,4714.522,2648.141,-4447.166
130680,4854.939,2680.924,-4272.851
130710,4990.286,2710.908,-4094.064
130740,5120.421,2738.060,-3910.989
130770,5245.208,2762.352,-3723.818
130800,5364.514,2783.758,-3532.745
130830,5478.213,2802.255,-3337.970
130860,5586.184,2817.821,-3139.696
130890,5688.315,2830.442,-2938.130
130920,5784.496,2840.101,-2733.482
130950,5874.625,2846.790,-2525.967
130980,5958.607,2850.499,-2315.802
131010,6036.352,2851.226,-2103.206
131040,6107.778,2848.967,-1888.403
131070,6172.808,2843.725,-1671.617
131100,6231.374,2835.505,-1453.075
131130,6283.412,2824.314,-1233.008
131160,6328.867,2810.165,-1011.645
131190,6367.691,2793.071,-789.219
131220,6399.841,2773.049,-565.963
131250,6425.282,2750.121,-342.113
131280,6443.988,2724.310,-117.904
131310,6455.938,2695.643,106.430
131340,6461.117,2664.149,330.652
131370,6459.521,2629.861,554.526
131400,6451.151,2592.815,777.817
131430,6436.013,2553.049,1000.290
131460,6414.125,2510.605,1221.711
131490,6385.508,2465.527,1441.847
131520,6350.192,2417.863,1660.466
131550,6308.213,2367.663,1877.338
131580,6259.617,2314.978,2092.235
131610,6204.453,2259.864,2304.932
131640,6142.780,2202.380,2515.203
131670,6074.661,2142.584,2722.829
131700,6000.170,2080.541,2927.590
131730,5919.383,2016.315,3129.271
131760,5832.387,1949.974,3327.661
131790,5739.271,1881.587,3522.550
131820,5640.136,1811.226,3713.734
131850,5535.083,1738.966,3901.012
131880,5424.226,1664.881,4084.187
131910,5307.679,1589.050,4263.066
131940,5185.565,1511.553,4437.463
131970,5058.014,1432.470,4607.194
132000,4925.159,1351.886,4772.081
132030,4787.140,1269.884,4931.951
132060,4644.102,1186.550,5086.636
132090,4496.195,1101.973,5235.974
132120,4343.576,1016.241,5379.809
132150,4186.404,929.444,5517.990
132180,4024.845,841.672,5650.373
132210,3859.069,753.019,5776.818
132240,3689.248,663.576,5897.195
132270,3515.563,573.439,6011.376
132300,3338.195,482.700,6119.242
132330,3157.329,391.456,6220.681
132360,2973.157,299.802,6315.586
132390,2785.871,207.834,6403.860
132420,2595.667,115.649,6485.408
132450,2402.746,23.342,6560.147
132480,2207.308,-68.989,6627.998
132510,2009.559,-161.248,6688.891
132540,1809.707,-253.338,6742.761
132570,1607.959,-345.163,6789.554
132600,1404.529,-436.626,6829.219
132630,1199.628,-527.633,6861.716
132660,993.471,-618.087,6887.011
132690,786.275,-707.894,6905.077
132720,578.255,-796.960,6915.896
132750,369.630,-885.192,6919.456
132780,160.619,-972.497,6915.754
132810,-48.561,-1058.784,6904.793
132840,-257.690,-1143.964,6886.585
132870,-466.550,-1227.945,6861.150
132900,-674.921,-1310.641,6828.512
132930,-882.585,-1391.966,6788.707
132960,-1089.325,-1471.833,6741.776
132990,-1294.926,-1550.159,6687.768
133020,-1499.170,-1626.862,6626.739
133050,-1701.845,-1701.862,6558.753
133080,-1902.737,-1775.080,6483.881
133110,-2101.638,-1846.439,6402.201
133140,-2298.337,-1915.865,6313.798
133170,-2492.630,-1983.284,6218.765
133200,-2684.311,-2048.625,6117.201
133230,-2873.181,-2111.821,6009.211
133260,-3059.041,-2172.805,5894.909
133290,-3241.696,-2231.512,5774.415
133320,-3420.955,-2287.881,5647.854
133350,-3596.629,-2341.852,5515.358
133380,-3768.534,-2393.370,5377.067
133410,-3936.489,-2442.379,5233.126
133440,-4100.318,-2488.827,5083.684
133470,-4259.848,-2532.667,4928.898
133500,-4414.913,-2573.852,4768.932
133530,-4565.349,-2612.338,4603.952
133560,-4710.998,-2648.086,4434.131
133590,-4851.707,-2681.056,4259.648
133620,-4987.328,-2711.214,4080.686
133650,-5117.718,-2738.529,3897.433
133680,-5242.741,-2762.972,3710.080
133710,-5362.264,-2784.517,3518.826
133740,-5476.163,-2803.141,3323.870
133770,-5584.317,-2818.824,3125.419
133800,-5686.613,-2831.550,2923.679
133830,-5782.943,-2841.306,2718.864
133860,-5873.206,-2848.080,2511.189
133890,-5957.307,-2851.867,2300.873
133920,-6035.158,-2852.662,2088.136
133950,-6106.678,-2850.464,1873.202
133980,-6171.791,-2845.275,1656.298
134010,-6230.430,-2837.102,1437.651
134040,-6282.532,-2825.953,1217.493
134070,-6328.045,-2811.839,996.054
134100,-6366.920,-2794.776,773.567
134130,-6399.117,-2774.781,550.266
134160,-6424.603,-2751.877,326.388
134190,-6443.352,-2726.086,102.165
134220,-6455.344,-2697.438,-122.164
134250,-6460.569,-2665.961,-346.365
134280,-6459.022,-2631.690,-570.202
134310,-6450.704,-2594.660,-793.440
134340,-6435.627,-2554.911,-1015.844
134370,-6413.806,-2512.486,-1237.181
134400,-6385.265,-2467.428,-1457.218
134430,-6350.037,-2419.785,-1675.725
134460,-6308.159,-2369.608,-1892.472
134490,-6259.675,-2316.951,-2107.232
134520,-6204.639,-2261.868,-2319.780
134550,-6143.109,-2204.417,-2529.894
134580,-6075.152,-2144.660,-2737.354
134610,-6000.838,-2082.660,-2941.942
134640,-5920.249,-2018.481,-3143.445
134670,-5833.469,-1952.192,-3341.653
134700,-5740.591,-1883.861,-3536.357
134730,-5641.714,-1813.562,-3727.356
134760,-5536.941,-1741.368,-3914.450
134790,-5426.385,-1667.356,-4097.443
134820,-5310.162,-1591.601,-4276.146
134850,-5188.395,-1514.185,-4450.373
134880,-5061.212,-1435.189,-4619.942
134910,-4928.748,-1354.695,-4784.676
134940,-4791.142,-1272.788,-4944.406
134970,-4648.539,-1189.553,-5098.965
135000,-4501.088,-1105.077,-5248.192
135030,-4348.946,-1019.450,-5391.934
135060,-4192.270,-932.761,-5530.041
135090,-4031.227,-845.099,-5662.370
135120,-3865.984,-756.557,-5788.785
135150,-3696.715,-667.227,-5909.154
135180,-3523.597,-577.202,-6023.354
135210,-3346.810,-486.577,-6131.266
135240,-3166.540,-395.444,-6232.779
135270,-2982.974,-303.901,-6327.789
135300,-2796.305,-212.041,-6416.197
135330,-2606.727,-119.961,-6497.912
135360,-2414.437,-27.755,-6572.851
135390,-2219.637,64.479,-6640.935
135420,-2022.528,156.646,-6702.095
135450,-1823.317,248.650,-6756.269
135480,-1622.211,340.395,-6803.399
135510,-1419.418,431.787,-6843.439
135540,-1215.149,522.730,-6876.346
135570,-1009.618,613.130,-6902.086
135600,-803.037,702.892,-6920.634
135630,-595.622,791.924,-6931.971
135660,-387.588,880.133,-6936.084
135690,-179.151,967.428,-6932.969
135720,29.472,1053.717,-6922.630
135750,238.064,1138.911,-6905.078
135780,446.409,1222.921,-6880.329
135810,654.290,1305.660,-6848.410
135840,861.491,1387.042,-6809.354
135870,1067.797,1466.983,-6763.200
135900,1272.992,1545.398,-6709.997
135930,1476.864,1622.207,-6649.798
135960,1679.200,1697.328,-6582.665
135990,1879.790,1770.685,-6508.669
136020,2078.425,1842.200,-6427.884
136050,2274.897,1911.798,-6340.395
136080,2469.003,1979.408,-6246.290
136110,2660.539,2044.957,-6145.669
136140,2849.306,2108.378,-6038.633
136170,3035.107,2169.604,-5925.293
136200,3217.747,2228.571,-5805.767
136230,3397.036,2285.217,-5680.178
136260,3572.787,2339.482,-5548.656
136290,3744.814,2391.310,-5411.337
136320,3912.939,2440.645,-5268.363
136350,4076.984,2487.437,-5119.881
136380,4236.779,2531.634,-4966.047
136410,4392.154,2573.191,-4807.019
136440,4542.947,2612.063,-4642.963
136470,4689.000,2648.210,-4474.049
136500,4830.158,2681.592,-4300.452
136530,4966.274,2712.175,-4122.352
136560,5097.202,2739.925,-3939.937
136590,5222.807,2764.814,-3753.394
136620,5342.954,2786.813,-3562.919
136650,5457.517,2805.900,-3368.710
136680,5566.375,2822.053,-3170.971
136710,5669.412,2835.256,-2969.906
136740,5766.520,2845.493,-2765.727
136770,5857.595,2852.753,-2558.646
136800,5942.541,2857.028,-2348.882
136830,6021.267,2858.313,-2136.652
136860,6093.690,2856.606,-1922.179
136890,6159.732,2851.908,-1705.688
136920,6219.323,2844.223,-1487.407
136950,6272.400,2833.559,-1267.563
136980,6318.906,2819.926,-1046.387
137010,6358.790,2803.339,-824.112
137040,6392.010,2783.813,-600.971
137070,6418.530,2761.369,-377.198
137100,6438.322,2736.031,-153.029
137130,6451.364,2707.824,71.301
137160,6457.640,2676.778,295.556
137190,6457.145,2642.925,519.500
137220,6449.877,2606.300,742.898
137250,6435.844,2566.941,965.514
137280,6415.061,2524.889,1187.116
137310,6387.548,2480.189,1407.468
137340,6353.333,2432.887,1626.340
137370,6312.454,2383.032,1843.501
137400,6264.951,2330.678,2058.723
137430,6210.876,2275.878,2271.779
137460,6150.284,2218.690,2482.445
137490,6083.240,2159.174,2690.499
137520,6009.813,2097.393,2895.723
137550,5930.081,2033.412,3097.901
137580,5844.128,1967.297,3296.820
137610,5752.043,1899.119,3492.271
137640,5653.925,1828.948,3684.049
137670,5549.876,1756.859,3871.951
137700,5440.006,1682.927,4055.782
137730,5324.429,1607.230,4235.347
137760,5203.269,1529.847,4410.458
137790,5076.653,1450.860,4580.931
137820,4944.712,1370.351,4746.588
137850,4807.588,1288.406,4907.255
137880,4665.423,1205.110,5062.763
137910,4518.367,1120.551,5212.949
137940,4366.575,1034.817,5357.656
137970,4210.206,947.998,5496.732
138000,4049.425,860.186,5630.032
138030,3884.400,771.473,5757.416
138060,3715.305,681.951,5878.751
138090,3542.318,591.714,5993.910
138120,3365.619,500.858,6102.773
138150,3185.395,409.477,6205.226
138180,3001.835,317.668,6301.161
138210,2815.130,225.525,6390.479
138240,2625.478,133.147,6473.086
138270,2433.076,40.629,6548.897
138300,2238.126,-51.932,6617.831
138330,2040.833,-144.438,6679.818
138360,1841.403,-236.793,6734.792
138390,1640.046,-328.900,6782.696
138420,1436.972,-420.663,6823.480
138450,1232.393,-511.985,6857.102
138480,1026.524,-602.771,6883.527
138510,819.581,-692.927,6902.726
138540,611.780,-782.357,6914.681
138570,403.338,-870.968,6919.378
138600,194.475,-958.667,6916.813
138630,-14.593,-1045.363,6906.988
138660,-223.645,-1130.965,6889.914
138690,-432.463,-1215.383,6865.608
138720,-640.828,-1298.529,6834.097
138750,-848.523,-1380.315,6795.411
138780,-1055.329,-1460.657,6749.593
138810,-1261.030,-1539.469,6696.690
138840,-1465.411,-1616.670,6636.756
138870,-1668.258,-1692.177,6569.855
138900,-1869.358,-1765.913,6496.056
138930,-2068.501,-1837.800,6415.437
138960,-2265.477,-1907.763,6328.081
138990,-2460.081,-1975.727,6234.079
139020,-2652.108,-2041.622,6133.531
139050,-2841.357,-2105.378,6026.540
139080,-3027.630,-2166.929,5913.219
139110,-3210.731,-2226.210,5793.686
139140,-3390.468,-2283.158,5668.066
139170,-3566.652,-2337.714,5536.491
139200,-3739.098,-2389.820,5399.098
139230,-3907.626,-2439.421,5256.032
139260,-4072.057,-2486.465,5107.441
139290,-4232.221,-2530.903,4953.482
139320,-4387.947,-2572.688,4794.316
139350,-4539.073,-2611.775,4630.109
139380,-4685.440,-2648.124,4461.035
139410,-4826.893,-2681.696,4287.270
139440,-4963.285,-2712.456,4108.997
139470,-5094.471,-2740.371,3926.403
139500,-5220.314,-2765.411,3739.680
139530,-5340.681,-2787.551,3549.023
139560,-5455.446,-2806.767,3354.634
139590,-5564.488,-2823.039,3156.716
139620,-5667.693,-2836.349,2955.478
139650,-5764.952,-2846.684,2751.130
139680,-5856.163,-2854.032,2543.889
139710,-5941.230,-2858.386,2333.972
139740,-6020.064,-2859.741,2121.599
139770,-6092.582,-2858.096,1906.994
139800,-6158.709,-2853.453,1690.384
139830,-6218.374,-2845.816,1471.995
139860,-6271.516,-2835.193,1252.058
139890,-6318.080,-2821.597,1030.804
139920,-6358.016,-2805.041,808.466
139950,-6391.284,-2785.543,585.278
139980,-6417.849,-2763.123,361.474
140010,-6437.684,-2737.806,137.291
140040,-6450.768,-2709.619,-87.038
140070,-6457.090,-2678.590,-311.275
140100,-6456.642,-2644.753,-535.184
140130,-6449.427,-2608.145,-758.531
140160,-6435.453,-2568.803,-981.081
140190,-6414.735,-2526.769,-1202.600
140220,-6387.297,-2482.088,-1422.856
140250,-6353.169,-2434.808,-1641.617
140280,-6312.387,-2384.977,-1858.655
140310,-6264.996,-2332.649,-2073.741
140340,-6211.046,-2277.879,-2286.650
140370,-6150.595,-2220.725,-2497.160
140400,-6083.708,-2161.248,-2705.050
140430,-6010.457,-2099.509,-2910.102
140460,-5930.919,-2035.574,-3112.102
140490,-5845.180,-1969.511,-3310.839
140520,-5753.330,-1901.389,-3506.106
140550,-5655.467,-1831.280,-3697.698
140580,-5551.694,-1759.257,-3885.416
140610,-5442.122,-1685.396,-4069.064
140640,-5326.866,-1609.775,-4248.452
140670,-5206.049,-1532.474,-4423.391
140700,-5079.797,-1453.573,-4593.701
140730,-4948.245,-1373.154,-4759.204
140760,-4811.529,-1291.304,-4919.729
140790,-4669.796,-1208.106,-5075.108
140820,-4523.192,-1123.649,-5225.181
140850,-4371.874,-1038.020,-5369.791
140880,-4215.998,-951.309,-5508.790
140910,-4055.730,-863.607,-5642.033
140940,-3891.236,-775.006,-5769.383
140970,-3722.690,-685.597,-5890.708
141000,-3550.267,-595.474,-6005.881
141030,-3374.148,-504.732,-6114.786
141060,-3194.517,-413.463,-6217.308
141090,-3011.562,-321.765,-6313.343
141120,-2825.473,-229.732,-6402.791
141150,-2636.445,-137.460,-6485.560
141180,-2444.674,-45.045,-6561.565
141210,-2250.361,47.417,-6630.728
141240,-2053.708,139.830,-6692.977
141270,-1854.920,232.097,-6748.248
141300,-1654.203,324.123,-6796.485
141330,-1451.767,415.812,-6837.638
141360,-1247.822,507.069,-6871.664
141390,-1042.579,597.799,-6898.529
141420,-836.253,687.907,-6918.205
141450,-629.059,777.301,-6930.672
141480,-421.210,865.887,-6935.916
141510,-212.924,953.573,-6933.934
141540,-4.416,1040.268,-6924.726
141570,204.096,1125.882,-6908.302
141600,412.396,1210.325,-6884.678
141630,620.267,1293.511,-6853.881
141660,827.494,1375.353,-6815.939
141690,1033.860,1455.765,-6770.894
141720,1239.152,1534.663,-6718.791
141750,1443.155,1611.966,-6659.684
141780,1645.658,1687.593,-6593.633
141810,1846.450,1761.464,-6520.706
141840,2045.321,1833.504,-6440.979
141870,2242.064,1903.636,-6354.534
141900,2436.474,1971.788,-6261.460
141930,2628.350,2037.888,-6161.852
141960,2817.489,2101.867,-6055.813
141990,3003.696,2163.658,-5943.453
142020,3186.775,2223.196,-5824.888
142050,3366.535,2280.418,-5700.240
142080,3542.788,2335.265,-5569.638
142110,3715.350,2387.679,-5433.217
142140,3884.039,2437.605,-5291.119
142170,4048.680,2484.989,-5143.490
142200,4209.100,2529.782,-4990.483
142230,4365.129,2571.937,-4832.258
142260,4516.605,2611.409,-4668.978
142290,4663.367,2648.156,-4500.813
142320,4805.263,2682.139,-4327.937
142350,4942.141,2713.321,-4150.531
142380,5073.858,2741.671,-3968.778
142410,5200.276,2767.156,-3782.869
142440,5321.260,2789.750,-3592.997
142470,5436.683,2809.428,-3399.359
142500,5546.422,2826.170,-3202.159
142530,5650.363,2839.957,-3001.601
142560,5748.393,2850.773,-2797.896
142590,5840.411,2858.607,-2591.255
142620,5926.317,2863.450,-2381.896
142650,6006.020,2865.297,-2170.038
142680,6079.437,2864.143,-1955.901
142710,6146.488,2859.991,-1739.712
142740,6207.102,2852.844,-1521.695
142770,6261.215,2842.709,-1302.080
142800,6308.768,2829.595,-1081.098
142830,6349.711,2813.517,-858.979
142860,6384.000,2794.490,-635.958
142890,6411.597,2772.534,-412.269
142920,6432.473,2747.672,-188.146
142950,6446.604,2719.928,36.174
142980,6453.976,2689.333,260.457
143010,6454.580,2655.918,484.465
143040,6448.415,2619.717,707.965
143070,6435.486,2580.768,930.719
143100,6415.807,2539.113,1152.495
143130,6389.397,2494.793,1373.058
143160,6356.284,2447.857,1592.177
143190,6316.503,2398.352,1809.621
143220,6270.095,2346.332,2025.162
143250,6217.109,2291.849,2238.572
143280,6157.599,2234.962,2449.627
143310,6091.630,2175.730,2658.105
143340,6019.269,2114.215,2863.787
143370,5940.593,2050.482,3066.456
143400,5855.684,1984.598,3265.899
143430,5764.632,1916.632,3461.907
143460,5667.533,1846.656,3654.273
143490,5564.489,1774.742,3842.796
143520,5455.609,1700.967,4027.277
143550,5341.006,1625.407,4207.522
143580,5220.801,1548.143,4383.343
143610,5095.122,1469.255,4554.554
143640,4964.100,1388.827,4720.977
143670,4827.872,1306.943,4882.436
143700,4686.583,1223.688,5038.763
143730,4540.381,1139.150,5189.793
143760,4389.420,1053.419,5335.368
143790,4233.858,966.583,5475.335
143820,4073.858,878.734,5609.549
143850,3909.590,789.964,5737.868
143880,3741.225,700.367,5860.159
143910,3568.940,610.036,5976.293
143940,3392.916,519.066,6086.149
143970,3213.338,427.552,6189.613
144000,3030.394,335.590,6286.575
144030,2844.276,243.277,6376.936
144060,2655.179,150.709,6460.600
144090,2463.302,57.983,6537.480
144120,2268.846,-34.804,6607.496
144150,2072.014,-127.554,6670.575
144180,1873.012,-220.171,6726.650
144210,1672.050,-312.557,6775.665
144240,1469.337,-404.616,6817.567
144270,1265.087,-496.251,6852.312
144300,1059.512,-587.367,6879.866
144330,852.827,-677.867,6900.198
144360,645.250,-767.659,6913.288
144390,436.998,-856.647,6919.122
144420,228.288,-944.738,6917.694
144450,19.340,-1031.840,6909.005
144480,-189.629,-1117.862,6893.065
144510,-398.399,-1202.714,6869.890
144540,-606.753,-1286.307,6839.504
144570,-814.471,-1368.554,6801.940
144600,-1021.337,-1449.368,6757.235
144630,-1227.133,-1528.664,6705.438
144660,-1431.645,-1606.361,6646.601
144690,-1634.658,-1682.375,6580.786
144720,-1835.959,-1756.628,6508.062
144750,-2035.338,-1829.041,6428.505
144780,-2232.585,-1899.539,6342.198
144810,-2427.495,-1968.048,6249.231
144840,-2619.861,-2034.495,6149.700
144870,-2809.484,-2098.811,6043.711
144900,-2996.163,-2160.929,5931.373
144930,-3179.704,-2220.783,5812.805
144960,-3359.913,-2278.310,5688.130
144990,-3536.602,-2333.450,5557.478
145020,-3709.584,-2386.144,5420.987
145050,-3878.679,-2436.338,5278.799
145080,-4043.708,-2483.978,5131.063
145110,-4204.498,-2529.014,4977.934
145140,-4360.881,-2571.399,4819.572
145170,-4512.692,-2611.088,4656.143
145200,-4659.771,-2648.039,4487.820
145230,-4801.964,-2682.214,4314.778
145260,-4939.121,-2713.575,4137.198
145290,-5071.098,-2742.091,3955.268
145320,-5197.757,-2767.731,3769.179
145350,-5318.963,-2790.468,3579.125
145380,-5434.590,-2810.278,3385.307
145410,-5544.517,-2827.140,3187.928
145440,-5648.627,-2841.036,2987.195
145470,-5746.811,-2851.951,2783.321
145500,-5838.966,-2859.875,2576.518
145530,-5924.995,-2864.798,2367.005
145560,-6004.809,-2866.715,2155.002
145590,-6078.322,-2865.626,1940.733
145620,-6145.459,-2861.529,1724.421
145650,-6206.149,-2854.431,1506.296
145680,-6260.328,-2844.339,1286.586
145710,-6307.940,-2831.262,1065.524
145740,-6348.935,-2815.216,843.340
145770,-6383.272,-2796.218,620.269
145800,-6410.914,-2774.286,396.547
145830,-6431.833,-2749.446,172.407
145860,-6446.007,-2721.722,-51.914
145890,-6453.424,-2691.145,-276.181
145920,-6454.075,-2657.746,-500.157
145950,-6447.961,-2621.562,-723.607
145980,-6435.090,-2582.630,-946.297
146010,-6415.475,-2540.992,-1167.993
146040,-6389.139,-2496.692,-1388.462
146070,-6356.110,-2449.777,-1607.472
146100,-6316.425,-2400.296,-1824.795
146130,-6270.126,-2348.302,-2040.201
146160,-6217.262,-2293.849,-2253.467
146190,-6157.892,-2236.995,-2464.367
146220,-6092.077,-2177.801,-2672.681
146250,-6019.889,-2116.328,-2878.191
146280,-5941.404,-2052.641,-3080.683
146310,-5856.707,-1986.808,-3279.945
146340,-5765.886,-1918.898,-3475.768
146370,-5669.039,-1848.983,-3667.949
146400,-5566.268,-1777.135,-3856.287
146430,-5457.682,-1703.431,-4040.585
146460,-5343.396,-1627.947,-4220.652
146490,-5223.531,-1550.764,-4396.300
146520,-5098.213,-1471.962,-4567.346
146550,-4967.575,-1391.624,-4733.614
146580,-4831.754,-1309.834,-4894.929
146610,-4690.893,-1226.678,-5051.124
146640,-4545.140,-1142.242,-5202.038
146670,-4394.649,-1056.616,-5347.514
146700,-4239.578,-969.888,-5487.401
146730,-4080.088,-882.150,-5621.555
146760,-3916.348,-793.492,-5749.836
146790,-3748.529,-704.009,-5872.113
146820,-3576.806,-613.792,-5988.258
146850,-3401.359,-522.936,-6098.151
146880,-3222.372,-431.535,-6201.680
146910,-3040.031,-339.686,-6298.737
146940,-2854.527,-247.483,-6389.223
146970,-2666.054,-155.023,-6473.044
147000,-2474.807,-62.401,-6550.113
147030,-2280.987,30.285,-6620.352
147060,-2084.794,122.940,-6683.688
147090,-1886.434,215.467,-6740.056
147120,-1686.113,307.770,-6789.398
147150,-1484.039,399.754,-6831.663
147180,-1280.422,491.321,-6866.807
147210,-1075.475,582.378,-6894.796
147240,-869.410,672.830,-6915.599
147270,-662.441,762.583,-6929.195
147300,-454.784,851.543,-6935.571
147330,-246.655,939.618,-6934.721
147360,-38.269,1026.717,-6926.643
147390,170.157,1112.748,-6911.348
147420,378.406,1197.623,-6888.851
147450,586.262,1281.254,-6859.175
147480,793.508,1363.553,-6822.350
147510,999.930,1444.434,-6778.414
147540,1205.312,1523.814,-6727.413
147570,1409.441,1601.610,-6669.398
147600,1612.104,1677.740,-6604.430
147630,1813.091,1752.125,-6532.575
147660,2012.192,1824.689,-6453.908
147690,2209.200,1895.354,-6368.509
147720,2403.910,1964.047,-6276.466
147750,2596.118,2030.696,-6177.874
147780,2785.624,2095.232,-6072.836
147810,2972.230,2157.587,-5961.458
147840,3155.742,2217.696,-5843.856
147870,3335.967,2275.494,-5720.152
147900,3512.717,2330.923,-5590.474
147930,3685.807,2383.923,-5454.955
147960,3855.057,2434.438,-5313.736
147990,4020.287,2482.416,-5166.963
148020,4181.326,2527.806,-5014.788
148050,4338.004,2570.559,-4857.369
148080,4490.157,2610.631,-4694.869
148110,4637.625,2647.979,-4527.457
148140,4780.252,2682.563,-4355.308
148170,4917.889,2714.346,-4178.598
148200,5050.390,2743.295,-3997.514
148230,5177.616,2769.379,-3812.243
148260,5299.433,2792.569,-3622.978
148290,5415.711,2812.841,-3429.917
148320,5526.329,2830.172,-3233.260
148350,5631.168,2844.545,-3033.214
148380,5730.117,2855.942,-2829.988
148410,5823.073,2864.352,-2623.792
148440,5909.936,2869.765,-2414.845
148470,5990.614,2872.174,-2203.363
148500,6065.021,2871.577,-1989.568
148530,6133.078,2867.974,-1773.685
148560,6194.712,2861.367,-1555.939
148590,6249.858,2851.763,-1336.559
148620,6298.456,2839.171,-1115.775
148650,6340.455,2823.605,-893.819
148680,6375.810,2805.080,-670.924
148710,6404.481,2783.614,-447.324
148740,6426.440,2759.231,-223.253
148770,6441.660,2731.954,1.052
148800,6450.126,2701.813,225.356
148830,6451.829,2668.839,449.423
148860,6446.764,2633.066,673.018
148890,6434.939,2594.531,895.905
148920,6416.363,2553.275,1117.849
148950,6391.056,2509.340,1338.618
148980,6359.045,2462.773,1557.978
149010,6320.362,2413.622,1775.700
149040,6275.049,2361.939,1991.554
149070,6223.152,2307.778,2205.312
149100,6164.725,2251.195,2416.751
149130,6099.831,2192.250,2625.647
149160,6028.537,2131.006,2831.781
149190,5950.918,2067.526,3034.936
149220,5867.056,2001.876,3234.898
149250,5777.038,1934.127,3431.457
149280,5680.960,1864.348,3624.407
149310,5578.923,1792.614,3813.545
149340,5471.034,1718.999,3998.671
149370,5357.407,1643.582,4179.593
149400,5238.161,1566.440,4356.119
149430,5113.422,1487.656,4528.064
149460,4983.320,1407.312,4695.248
149490,4847.993,1325.493,4857.495
149520,4707.583,1242.283,5014.637
149550,4562.239,1157.771,5166.506
149580,4412.112,1072.046,5312.945
149610,4257.360,985.197,5453.801
149640,4098.146,897.315,5588.925
149670,3934.638,808.494,5718.176
149700,3767.006,718.824,5841.419
149730,3595.428,628.402,5958.525
149760,3420.083,537.322,6069.372
149790,3241.156,445.678,6173.843
149820,3058.833,353.568,6271.830
149850,2873.307,261.087,6363.231
149880,2684.771,168.334,6447.949
149910,2493.424,75.403,6525.896
149940,2299.466,-17.606,6596.991
149970,2103.100,-110.597,6661.161
150000,1904.533,-203.472,6718.337
150030,1703.971,-296.133,6768.460
150060,1501.626,-388.485,6811.479
150090,1297.709,-480.430,6847.347
150120,1092.433,-571.873,6876.028
150150,886.014,-662.716,6897.493
150180,678.667,-752.866,6911.717
150210,470.609,-842.228,6918.688
150240,262.060,-930.708,6918.396
150270,53.236,-1018.215,6910.844
150300,-155.644,-1104.655,6896.038
150330,-364.361,-1189.939,6873.994
150360,-572.696,-1273.977,6844.735
150390,-780.432,-1356.682,6808.292
150420,-987.351,-1437.967,6764.702
150450,-1193.237,-1517.746,6714.012
150480,-1397.873,-1595.936,6656.273
150510,-1601.045,-1672.455,6591.546
150540,-1802.542,-1747.223,6519.899
150570,-2002.151,-1820.162,6441.406
150600,-2199.663,-1891.195,6356.150
150630,-2394.871,-1960.246,6264.219
150660,-2587.572,-2027.245,6165.709
150690,-2777.562,-2092.121,6060.724
150720,-2964.642,-2154.805,5949.373
150750,-3148.616,-2215.231,5831.771
150780,-3329.292,-2273.337,5708.044
150810,-3506.479,-2329.060,5578.319
150840,-3679.992,-2382.343,5442.732
150870,-3849.648,-2433.129,5301.426
150900,-4015.269,-2481.365,5154.549
150930,-4176.682,-2526.999,5002.254
150960,-4333.715,-2569.985,4844.700
150990,-4486.206,-2610.276,4682.054
151020,-4633.992,-2647.831,4514.485
151050,-4776.919,-2682.609,4342.170
151080,-4914.837,-2714.574,4165.289
151110,-5047.601,-2743.691,3984.027
151140,-5175.070,-2769.932,3798.576
151170,-5297.112,-2793.267,3609.130
151200,-5413.597,-2813.671,3415.888
151230,-5524.403,-2831.125,3219.053
151260,-5629.414,-2845.608,3018.831
151290,-5728.520,-2857.107,2815.435
151320,-5821.615,-2865.607,2609.076
151350,-5908.603,-2871.102,2399.974
151380,-5989.392,-2873.584,2188.346
151410,-6063.898,-2873.052,1974.416
151440,-6132.042,-2869.505,1758.410
151470,-6193.753,-2862.949,1540.553
151500,-6248.966,-2853.388,1321.077
151530,-6297.625,-2840.835,1100.210
151560,-6339.677,-2825.302,878.187
151590,-6375.080,-2806.805,655.240
151620,-6403.797,-2785.365,431.604
151650,-6425.798,-2761.003,207.514
151680,-6441.062,-2733.747,-16.794
151710,-6449.572,-2703.624,-241.085
151740,-6451.320,-2670.667,-465.122
151770,-6446.307,-2634.911,-688.670
151800,-6434.537,-2596.393,-911.495
151830,-6416.025,-2555.154,-1133.361
151860,-6390.791,-2511.239,-1354.037
151890,-6358.862,-2464.692,-1573.291
151920,-6320.273,-2415.565,-1790.893
151950,-6275.066,-2363.908,-2006.614
151980,-6223.290,-2309.776,-2220.229
152010,-6165.000,-2253.226,-2431.514
152040,-6100.258,-2194.319,-2640.247
152070,-6029.134,-2133.116,-2846.211
152100,-5951.703,-2069.681,-3049.189
152130,-5868.049,-2004.083,-3248.971
152160,-5778.259,-1936.389,-3445.346
152190,-5682.430,-1866.671,-3638.110
152220,-5580.663,-1795.002,-3827.063
152250,-5473.065,-1721.458,-4012.006
152280,-5359.752,-1646.116,-4192.748
152310,-5240.841,-1569.055,-4369.100
152340,-5116.460,-1490.357,-4540.878
152370,-4986.739,-1410.103,-4707.905
152400,-4851.815,-1328.377,-4870.007
152430,-4711.830,-1245.266,-5027.015
152460,-4566.932,-1160.857,-5178.766
152490,-4417.272,-1075.237,-5325.103
152520,-4263.007,-988.496,-5465.875
152550,-4104.301,-900.725,-5600.936
152580,-3941.318,-812.016,-5730.145
152610,-3774.230,-722.461,-5853.370
152640,-3603.211,-632.154,-5970.483
152670,-3428.441,-541.188,-6081.363
152700,-3250.103,-449.660,-6185.896
152730,-3068.382,-357.663,-6283.973
152760,-2883.468,-265.294,-6375.494
152790,-2695.554,-172.649,-6460.364
152820,-2504.836,-79.824,-6538.495
152850,-2311.513,13.083,-6609.809
152880,-2115.787,105.977,-6674.230
152910,-1917.860,198.761,-6731.693
152940,-1717.939,291.338,-6782.138
152970,-1516.233,383.613,-6825.514
153000,-1312.951,475.488,-6861.776
153030,-1108.304,566.870,-6890.887
153060,-902.505,657.662,-6912.816
153090,-695.769,747.771,-6927.542
153120,-488.309,837.102,-6935.050
153150,-280.342,925.564,-6935.330
153180,-72.083,1013.064,-6928.384
153210,136.250,1099.511,-6914.218
153240,344.442,1184.815,-6892.847
153270,552.276,1268.888,-6864.293
153300,759.536,1351.642,-6828.585
153330,966.006,1432.992,-6785.759
153360,1171.472,1512.851,-6735.861
153390,1375.721,1591.138,-6678.941
153420,1578.538,1667.770,-6615.057
153450,1779.715,1742.668,-6544.276
153480,1979.040,1815.754,-6466.670
153510,2176.307,1886.950,-6382.319
153540,2371.309,1956.184,-6291.310
153570,2563.845,2023.382,-6193.737
153600,2753.711,2088.474,-6089.700
153630,2940.711,2151.393,-5979.308
153660,3124.650,2212.071,-5862.673
153690,3305.334,2270.446,-5739.916
153720,3482.576,2326.455,-5611.164
153750,3656.189,2380.041,-5476.550
153780,3825.992,2431.147,-5336.214
153810,3991.807,2479.718,-5190.300
153840,4153.460,2525.705,-5038.961
153870,4310.782,2569.057,-4882.352
153900,4463.607,2609.729,-4720.637
153930,4611.774,2647.678,-4553.982
153960,4755.128,2682.864,-4382.562
153990,4893.519,2715.249,-4206.555
154020,5026.799,2744.799,-4026.143
154050,5154.829,2771.482,-3841.515
154080,5277.473,2795.270,-3652.862
154110,5394.603,2816.136,-3460.382
154140,5506.094,2834.059,-3264.275
154170,5611.827,2849.019,-3064.745
154200,5711.692,2860.999,-2862.003
154230,5805.583,2869.987,-2656.258
154260,5893.399,2875.971,-2447.726
154290,5975.047,2878.946,-2236.626
154320,6050.442,2878.908,-2023.179
154350,6119.501,2875.855,-1807.607
154380,6182.152,2869.791,-1590.138
154410,6238.329,2860.721,-1370.999
154440,6287.970,2848.654,-1150.419
154470,6331.023,2833.602,-928.631
154500,6367.441,2815.581,-705.868
154530,6397.185,2794.609,-482.362
154560,6420.224,2770.708,-258.350
154590,6436.532,2743.901,-34.065
154620,6446.091,2714.218,190.255
154650,6448.890,2681.688,414.375
154680,6444.926,2646.346,638.059
154710,6434.202,2608.229,861.072
154740,6416.729,2567.375,1083.179
154770,6392.525,2523.829,1304.148
154800,6361.615,2477.634,1523.744
154830,6324.031,2428.841,1741.738
154860,6279.812,2377.499,1957.899
154890,6229.005,2323.662,2172.000
154920,6171.662,2267.388,2383.817
154950,6107.844,2208.735,2593.126
154980,6037.617,2147.765,2799.707
155010,5961.057,2084.541,3003.342
155040,5878.242,2019.130,3203.818
155070,5789.260,1951.601,3400.924
155100,5694.206,1882.025,3594.452
155130,5593.178,1810.474,3784.200
155160,5486.283,1737.024,3969.968
155190,5373.633,1661.753,4151.560
155220,5255.348,1584.738,4328.786
155250,5131.551,1506.062,4501.460
155280,5002.373,1425.806,4669.401
155310,4867.950,1344.055,4832.433
155340,4728.423,1260.895,4990.384
155370,4583.939,1176.413,5143.090
155400,4434.649,1090.698,5290.389
155430,4280.712,1003.840,5432.128
155460,4122.287,915.929,5568.159
155490,3959.543,827.059,5698.338
155520,3792.650,737.322,5822.531
155550,3621.783,646.813,5940.606
155580,3447.122,555.626,6052.440
155610,3268.849,463.857,6157.917
155640,3087.152,371.602,6256.926
155670,2902.222,278.957,6349.363
155700,2714.252,186.021,6435.133
155730,2523.440,92.890,6514.146
155760,2329.986,-0.338,6586.319
155790,2134.092,-93.566,6651.577
155820,1935.963,-186.696,6709.852
155850,1735.808,-279.631,6761.083
155880,1533.836,-372.273,6805.216
155910,1330.257,-464.525,6842.206
155940,1125.287,-556.291,6872.015
155970,919.138,-647.474,6894.610
156000,712.027,-737.980,6909.969
156030,504.171,-827.713,6918.076
156060,295.787,-916.580,6918.921
156090,87.094,-1004.487,6912.505
156120,-121.691,-1091.343,6898.833
156150,-330.348,-1177.057,6877.921
156180,-538.659,-1261.539,6849.790
156210,-746.407,-1344.700,6814.468
156240,-953.373,-1426.453,6771.995
156270,-1159.341,-1506.713,6722.412
156300,-1364.096,-1585.396,6665.772
156330,-1567.422,-1662.418,6602.135
156360,-1769.107,-1737.700,6531.566
156390,-1968.940,-1811.163,6454.140
156420,-2166.711,-1882.729,6369.937
156450,-2362.213,-1952.323,6279.044
156480,-2555.240,-2019.873,6181.557
156510,-2745.592,-2085.306,6077.579
156540,-2933.067,-2148.556,5967.216
156570,-3117.470,-2209.554,5850.585
156600,-3298.606,-2268.238,5727.808
156630,-3476.286,-2324.545,5599.013
156660,-3650.324,-2378.416,5464.335
156690,-3820.535,-2429.794,5323.915
156720,-3986.743,-2478.626,5177.899
156750,-4148.771,-2524.860,5026.442
156780,-4306.451,-2568.446,4869.700
156810,-4459.615,-2609.340,4707.840
156840,-4608.104,-2647.499,4541.030
156870,-4751.761,-2682.881,4369.446
156900,-4890.435,-2715.450,4193.268
156930,-5023.980,-2745.170,4012.680
156960,-5152.256,-2772.012,3827.871
156990,-5275.128,-2795.947,3639.037
157020,-5392.467,-2816.948,3446.376
157050,-5504.149,-2834.995,3250.090
157080,-5610.057,-2850.067,3050.385
157110,-5710.079,-2862.150,2847.471
157140,-5804.112,-2871.230,2641.563
157170,-5892.055,-2877.298,2432.875
157200,-5973.816,-2880.347,2221.628
157230,-6049.311,-2880.374,2008.044
157260,-6118.459,-2877.380,1792.348
157290,-6181.188,-2871.367,1574.766
157320,-6237.433,-2862.342,1355.528
157350,-6287.135,-2850.314,1134.864
157380,-6330.242,-2835.296,913.006
157410,-6366.709,-2817.304,690.188
157440,-6396.499,-2796.358,466.645
157470,-6419.581,-2772.479,242.610
157500,-6435.931,-2745.693,18.321
157530,-6445.534,-2716.028,-205.988
157560,-6448.379,-2683.516,-430.080
157590,-6444.465,-2648.191,-653.720
157620,-6433.796,-2610.090,-876.673
157650,-6416.386,-2569.254,-1098.705
157680,-6392.253,-2525.726,-1319.583
157710,-6361.423,-2479.553,-1539.075
157740,-6323.931,-2430.782,-1756.950
157770,-6279.817,-2379.466,-1972.981
157800,-6229.128,-2325.659,-2186.940
157830,-6171.919,-2269.418,-2398.604
157860,-6108.251,-2210.801,-2607.751
157890,-6038.191,-2149.872,-2814.162
157920,-5961.816,-2086.693,-3017.622
157950,-5879.206,-2021.333,-3217.918
157980,-5790.449,-1953.859,-3414.840
158010,-5695.640,-1884.343,-3608.182
158040,-5594.878,-1812.857,-3797.744
158070,-5488.272,-1739.478,-3983.328
158100,-5375.932,-1664.281,-4164.740
158130,-5257.980,-1587.347,-4341.791
158160,-5134.538,-1508.756,-4514.298
158190,-5005.737,-1428.590,-4682.080
158220,-4871.713,-1346.933,-4844.964
158250,-4732.607,-1263.872,-5002.780
158280,-4588.566,-1179.492,-5155.364
158310,-4439.740,-1093.882,-5302.559
158340,-4286.287,-1007.133,-5444.212
158370,-4128.367,-919.333,-5580.176
158400,-3966.146,-830.576,-5710.310
158430,-3799.793,-740.954,-5834.481
158460,-3629.483,-650.560,-5952.559
158490,-3455.394,-559.489,-6064.422
158520,-3277.708,-467.835,-6169.955
158550,-3096.611,-375.695,-6269.050
158580,-2912.292,-283.163,-6361.603
158610,-2724.943,-190.337,-6447.520
158640,-2534.759,-97.313,-6526.712
158670,-2341.939,-4.187,-6599.098
158700,-2146.684,88.942,-6664.603
158730,-1949.196,181.980,-6723.159
158760,-1749.682,274.828,-6774.706
158790,-1548.349,367.390,-6819.192
158820,-1345.407,459.570,-6856.570
158850,-1141.066,551.273,-6886.802
158880,-935.539,642.403,-6909.858
158910,-729.040,732.865,-6925.713
158940,-521.784,822.566,-6934.351
158970,-313.985,911.412,-6935.763
159000,-105.859,999.310,-6929.947
159030,102.376,1086.170,-6916.911
159060,310.504,1171.902,-6896.666
159090,518.311,1256.415,-6869.235
159120,725.578,1339.622,-6834.644
159150,932.091,1421.437,-6792.930
159180,1137.635,1501.775,-6744.136
159210,1341.997,1580.551,-6688.311
159240,1544.963,1657.684,-6625.513
159270,1746.322,1733.093,-6555.807
159300,1945.866,1806.699,-6479.264
159330,2143.385,1878.426,-6395.963
159360,2338.675,1948.199,-6305.991
159390,2531.530,2015.945,-6209.439
159420,2721.752,2081.593,-6106.407
159450,2909.140,2145.074,-5997.002
159480,3093.499,2206.322,-5881.336
159510,3274.637,2265.272,-5759.529
159540,3452.365,2321.862,-5631.707
159570,3626.495,2376.034,-5498.002
159600,3796.846,2427.730,-5358.552
159630,3963.240,2476.895,-5213.502
159660,4125.502,2523.478,-5063.001
159690,4283.462,2567.429,-4907.206
159720,4436.953,2608.703,-4746.279
159750,4585.816,2647.254,-4580.386
159780,4729.892,2683.043,-4409.701
159810,4869.031,2716.031,-4234.399
159840,5003.085,2746.183,-4054.664
159870,5131.915,2773.466,-3870.683
159900,5255.383,2797.852,-3682.648
159930,5373.359,2819.315,-3490.753
159960,5485.719,2837.831,-3295.200
159990,5592.343,2853.379,-3096.193
160020,5693.119,2865.944,-2893.939
160050,5787.940,2875.511,-2688.650
160080,5876.706,2882.070,-2480.540
160110,5959.322,2885.612,-2269.828
160140,6035.700,2886.134,-2056.733
160170,6105.759,2883.635,-1841.479
160200,6169.424,2878.115,-1624.292
160230,6226.628,2869.582,-1405.399
160260,6277.309,2858.042,-1185.029
160290,6321.413,2843.508,-963.415
160320,6358.893,2825.994,-740.788
160350,6389.709,2805.519,-517.383
160380,6413.826,2782.102,-293.434
160410,6431.219,2755.769,-69.177
160440,6441.869,2726.546,155.153
160470,6445.764,2694.464,379.320
160500,6442.899,2659.557,603.088
160530,6433.277,2621.860,826.222
160560,6416.906,2581.413,1048.487
160590,6393.804,2538.258,1269.649
160620,6363.995,2492.440,1489.476
160650,6327.510,2444.007,1707.735
160680,6284.385,2393.010,1924.199
160710,6234.668,2339.503,2138.638
160740,6178.409,2283.541,2350.827
160770,6115.668,2225.183,2560.543
160800,6046.511,2164.491,2767.565
160830,5971.009,2101.527,2971.675
160860,5889.243,2036.359,3172.660
160890,5801.299,1969.055,3370.307
160920,5707.269,1899.684,3564.409
160950,5607.252,1828.321,3754.762
160980,5501.353,1755.041,3941.165
161010,5389.683,1679.919,4123.424
161040,5272.361,1603.035,4301.346
161070,5149.510,1524.470,4474.745
161100,5021.258,1444.307,4643.438
161130,4887.742,1362.629,4807.250
161160,4749.100,1279.522,4966.007
161190,4605.480,1195.074,5119.544
161220,4457.032,1109.374,5267.700
161250,4303.912,1022.510,5410.320
161280,4146.281,934.575,5547.253
161310,3984.305,845.660,5678.358
161340,3818.154,755.859,5803.496
161370,3648.003,665.267,5922.536
161400,3474.029,573.977,6035.355
161430,3296.416,482.086,6141.834
161460,3115.350,389.690,6241.862
161490,2931.021,296.886,6335.335
161520,2743.622,203.771,6422.155
161550,2553.350,110.442,6502.230
161580,2360.405,16.998,6575.479
161610,2164.987,-76.464,6641.824
161640,1967.304,-169.846,6701.195
161670,1767.560,-263.050,6753.532
161700,1565.965,-355.979,6798.780
161730,1362.732,-448.534,6836.891
161760,1158.072,-540.621,6867.825
161790,952.200,-632.141,6891.551
161820,745.331,-723.000,6908.044
161850,537.682,-813.102,6917.286
161880,329.470,-902.353,6919.268
161910,120.913,-990.659,6913.988
161940,-87.770,-1077.929,6901.451
161970,-296.362,-1164.070,6881.670
162000,-504.643,-1248.992,6854.667
162030,-712.396,-1332.607,6820.469
162060,-919.403,-1414.828,6779.111
162090,-1125.448,-1495.567,6730.638
162120,-1330.315,-1574.740,6675.099
162150,-1533.788,-1652.264,6612.553
162180,-1735.656,-1728.059,6543.064
162210,-1935.707,-1802.044,6466.706
162240,-2133.730,-1874.142,6383.557
162270,-2329.519,-1944.278,6293.706
162300,-2522.869,-2012.377,6197.244
162330,-2713.575,-2078.368,6094.275
162360,-2901.440,-2142.183,5984.903
162390,-3086.265,-2203.753,5869.246
162420,-3267.856,-2263.014,5747.422
162450,-3446.023,-2319.904,5619.560
162480,-3620.580,-2374.363,5485.794
162510,-3791.341,-2426.334,5346.262
162540,-3958.130,-2475.762,5201.113
162570,-4120.769,-2522.594,5050.496
162600,-4279.089,-2566.783,4894.572
162630,-4432.923,-2608.280,4733.501
162660,-4582.108,-2647.043,4567.455
162690,-4726.490,-2683.030,4396.606
162720,-4865.915,-2716.203,4221.135
162750,-5000.237,-2746.528,4041.224
162780,-5129.314,-2773.973,3857.064
162810,-5253.012,-2798.508,3668.847
162840,-5371.200,-2820.107,3476.772
162870,-5483.753,-2838.749,3281.039
162900,-5590.554,-2854.412,3081.856
162930,-5691.490,-2867.081,2879.431
162960,-5786.456,-2876.742,2673.976
162990,-5875.350,-2883.385,2465.709
163020,-5958.081,-2887.003,2254.848
163050,-6034.561,-2887.593,2041.615
163080,-6104.710,-2885.153,1826.234
163110,-6168.455,-2879.686,1608.933
163140,-6225.728,-2871.198,1389.939
163170,-6276.471,-2859.698,1169.483
163200,-6320.630,-2845.199,947.797
163230,-6358.160,-2827.715,725.114
163260,-6389.021,-2807.266,501.668
163290,-6413.181,-2783.872,277.695
163320,-6430.617,-2757.560,53.431
163350,-6441.310,-2728.356,-170.891
163380,-6445.251,-2696.291,-395.032
163410,-6442.435,-2661.401,-618.758
163440,-6432.867,-2623.721,-841.834
163470,-6416.557,-2583.291,-1064.026
163500,-6393.525,-2540.155,-1285.099
163530,-6363.795,-2494.358,-1504.823
163560,-6327.399,-2445.948,-1722.966
163590,-6284.378,-2394.977,-1939.300
163620,-6234.776,-2341.498,-2153.599
163650,-6178.649,-2285.569,-2365.637
163680,-6116.055,-2227.247,-2575.192
163710,-6047.062,-2166.595,-2782.046
163740,-5971.743,-2103.677,-2985.982
163770,-5890.179,-2038.558,-3186.786
163800,-5802.457,-1971.308,-3384.250
163830,-5708.669,-1901.998,-3578.166
163860,-5608.915,-1830.699,-3768.333
163890,-5503.300,-1757.489,-3954.552
163920,-5391.938,-1682.442,-4136.630
163950,-5274.945,-1605.638,-4314.375
163980,-5152.445,-1527.158,-4487.605
164010,-5024.567,-1447.085,-4656.138
164040,-4891.447,-1365.501,-4819.800
164070,-4753.223,-1282.493,-4978.420
164100,-4610.042,-1198.147,-5131.834
164130,-4462.055,-1112.552,-5279.883
164160,-4309.416,-1025.797,-5422.413
164190,-4152.287,-937.973,-5559.276
164220,-3990.831,-849.172,-5690.332
164250,-3825.217,-759.486,-5815.445
164280,-3655.620,-669.010,-5934.484
164310,-3482.217,-577.836,-6047.328
164340,-3305.189,-486.061,-6153.859
164370,-3124.720,-393.781,-6253.969
164400,-2941.001,-301.090,-6347.552
164430,-2754.221,-208.086,-6434.514
164460,-2564.576,-114.866,-6514.764
164490,-2372.264,-21.527,-6588.220
164520,-2177.485,71.835,-6654.806
164550,-1980.441,165.123,-6714.454
164580,-1781.339,258.238,-6767.102
164610,-1580.385,351.086,-6812.696
164640,-1377.788,443.568,-6851.190
164670,-1173.759,535.589,-6882.543
164700,-968.510,627.054,-6906.723
164730,-762.255,717.867,-6923.706
164760,-555.207,807.934,-6933.475
164790,-347.582,897.161,-6936.018
164820,-139.597,985.456,-6931.334
164850,68.534,1072.727,-6919.427
164880,276.594,1158.883,-6900.309
164910,484.366,1243.834,-6874.001
164940,691.635,1327.493,-6840.529
164970,898.185,1409.772,-6799.927
165000,1103.801,1490.585,-6752.237
165030,1308.269,1569.849,-6697.509
165060,1511.378,1647.481,-6635.799
165090,1712.915,1723.399,-6567.169
165120,1912.670,1797.526,-6491.691
165150,2110.436,1869.782,-6409.443
165180,2306.006,1940.093,-6320.508
165210,2499.177,2008.386,-6224.980
165240,2689.747,2074.588,-6122.955
165270,2877.518,2138.631,-6014.540
165300,3062.292,2200.448,-5899.847
165330,3243.878,2259.973,-5778.993
165360,3422.085,2317.144,-5652.103
165390,3596.727,2371.902,-5519.310
165420,3767.621,2424.188,-5380.749
165450,3934.588,2473.947,-5236.566
165480,4097.453,2521.126,-5086.908
165510,4256.046,2565.677,-4931.931
165540,4410.199,2607.552,-4771.796
165570,4559.750,2646.706,-4606.670
165600,4704.544,2683.098,-4436.722
165630,4844.426,2716.690,-4262.131
165660,4979.250,2747.445,-4083.078
165690,5108.874,2775.330,-3899.749
165720,5233.161,2800.316,-3712.334
165750,5351.980,2822.376,-3521.031
165780,5465.204,2841.486,-3326.037
165810,5572.715,2857.625,-3127.556
165840,5674.399,2870.776,-2925.797
165870,5770.147,2880.925,-2720.968
165900,5859.859,2888.059,-2513.286
165930,5943.438,2892.171,-2302.966
165960,6020.797,2893.256,-2090.229
165990,6091.852,2891.312,-1875.298
166020,6156.529,2886.340,-1658.398
166050,6214.757,2878.346,-1439.757
166080,6266.476,2867.336,-1219.603
166110,6311.629,2853.322,-998.168
166140,6350.168,2836.318,-775.684
166170,6382.052,2816.342,-552.386
166200,6407.246,2793.413,-328.506
166230,6425.723,2767.556,-104.281
166260,6437.463,2738.797,120.053
166290,6442.452,2707.167,344.261
166320,6440.685,2672.697,568.107
166350,6432.163,2635.424,791.356
166380,6416.894,2595.386,1013.772
166410,6394.894,2552.627,1235.123
166440,6366.185,2507.189,1455.174
166470,6330.798,2459.121,1673.694
166500,6288.769,2408.473,1890.454
166530,6240.141,2355.298,2105.224
166560,6184.967,2299.652,2317.780
166590,6123.304,2241.594,2527.898
166620,6055.216,2181.183,2735.356
166650,5980.775,2118.484,2939.937
166680,5900.059,2053.562,3141.425
166710,5813.154,1986.486,3339.608
166740,5720.150,1917.326,3534.279
166770,5621.146,1846.155,3725.231
166800,5516.245,1773.047,3912.266
166830,5405.558,1698.080,4095.186
166860,5289.201,1621.331,4273.799
166890,5167.298,1542.882,4447.918
166920,5039.976,1462.815,4617.359
166950,4907.369,1381.214,4781.946
166980,4769.616,1298.165,4941.506
167010,4626.863,1213.755,5095.871
167040,4479.260,1128.073,5244.879
167070,4326.961,1041.208,5388.375
167100,4170.128,953.251,5526.208
167130,4008.924,864.296,5658.234
167160,3843.519,774.435,5784.314
167190,3674.087,683.763,5904.317
167220,3500.805,592.374,6018.117
167250,3323.856,500.365,6125.596
167280,3143.426,407.832,6226.641
167310,2959.703,314.871,6321.146
167340,2772.880,221.581,6409.012
167370,2583.153,128.059,6490.149
167400,2390.721,34.402,6564.471
167430,2195.786,-59.290,6631.901
167460,1998.552,-152.920,6692.368
167490,1799.225,-246.391,6745.810
167520,1598.015,-339.603,6792.170
167550,1395.132,-432.460,6831.400
167580,1190.788,-524.864,6863.460
167610,985.198,-616.718,6888.315
167640,778.577,-707.927,6905.941
167670,571.141,-798.395,6916.318
167700,363.107,-888.027,6919.437
167730,154.693,-976.730,6915.293
167760,-53.884,-1064.411,6903.891
167790,-262.403,-1150.977,6885.242
167820,-470.648,-1236.338,6859.368
167850,-678.401,-1320.406,6826.293
167880,-885.443,-1403.091,6786.053
167910,-1091.558,-1484.307,6738.690
167940,-1296.531,-1563.969,6684.253
167970,-1500.146,-1641.994,6622.799
168000,-1702.191,-1718.300,6554.392
168030,-1902.453,-1792.806,6479.104
168060,-2100.723,-1865.435,6397.012
168090,-2296.793,-1936.111,6308.203
168120,-2490.458,-2004.759,6212.770
168150,-2681.514,-2071.307,6110.811
168180,-2869.761,-2135.685,6002.434
168210,-3055.002,-2197.826,5887.753
168240,-3237.042,-2257.665,5766.886
168270,-3415.691,-2315.138,5639.960
168300,-3590.761,-2370.185,5507.108
168330,-3762.067,-2422.748,5368.470
168360,-3929.431,-2472.771,5224.189
168390,-4092.676,-2520.203,5074.418
168420,-4251.631,-2564.994,4919.313
168450,-4406.128,-2607.095,4759.037
168480,-4556.006,-2646.462,4593.758
168510,-4701.107,-2683.055,4423.649
168540,-4841.278,-2716.834,4248.889
168570,-4976.371,-2747.765,4069.661
168600,-5106.246,-2775.813,3886.153
168630,-5230.765,-2800.950,3698.558
168660,-5349.798,-2823.149,3507.073
168690,-5463.219,-2842.386,3311.900
168720,-5570.908,-2858.642,3113.242
168750,-5672.754,-2871.899,2911.310
168780,-5768.648,-2882.143,2706.316
168810,-5858.491,-2889.363,2498.475
168840,-5942.187,-2893.553,2288.005
168870,-6019.649,-2894.706,2075.129
168900,-6090.796,-2892.823,1860.070
168930,-6155.553,-2887.904,1643.054
168960,-6213.853,-2879.957,1424.309
168990,-6265.634,-2868.988,1204.067
169020,-6310.843,-2855.009,982.558
169050,-6349.432,-2838.036,760.016
169080,-6381.362,-2818.087,536.674
169110,-6406.600,-2795.182,312.768
169140,-6425.119,-2769.346,88.534
169170,-6436.902,-2740.606,-135.794
169200,-6441.936,-2708.993,-359.979
169230,-6440.217,-2674.540,-583.786
169260,-6431.749,-2637.284,-806.979
169290,-6416.540,-2597.265,-1029.324
169320,-6394.607,-2554.524,-1250.588
169350,-6365.976,-2509.106,-1470.538
169380,-6330.677,-2461.061,-1688.944
169410,-6288.749,-2410.438,-1905.576
169440,-6240.235,-2357.292,-2120.207
169470,-6185.190,-2301.678,-2332.614
169500,-6123.671,-2243.655,-2542.572
169530,-6055.745,-2183.285,-2749.863
169560,-5981.484,-2120.630,-2954.269
169590,-5900.967,-2055.758,-3155.578
169620,-5814.280,-1988.736,-3353.577
169650,-5721.516,-1919.635,-3548.062
169680,-5622.771,-1848.528,-3738.829
169710,-5518.152,-1775.490,-3925.679
169740,-5407.768,-1700.597,-4108.417
169770,-5291.737,-1623.928,-4286.853
169800,-5170.182,-1545.564,-4460.801
169830,-5043.230,-1465.586,-4630.081
169860,-4911.015,-1384.079,-4794.516
169890,-4773.677,-1301.128,-4953.936
169920,-4631.361,-1216.820,-5108.176
169950,-4484.215,-1131.244,-5257.074
169980,-4332.395,-1044.488,-5400.478
170010,-4176.059,-956.643,-5538.238
170040,-4015.372,-867.802,-5670.211
170070,-3850.502,-778.057,-5796.262
170100,-3681.623,-687.501,-5916.261
170130,-3508.909,-596.230,-6030.082
170160,-3332.543,-504.338,-6137.608
170190,-3152.708,-411.921,-6238.730
170220,-2969.592,-319.075,-6333.341
170250,-2783.387,-225.897,-6421.345
170280,-2594.286,-132.484,-6502.651
170310,-2402.487,-38.934,-6577.176
170340,-2208.189,54.657,-6644.842
170370,-2011.595,148.191,-6705.579
170400,-1812.910,241.571,-6759.327
170430,-1612.340,334.700,-6806.028
170460,-1410.094,427.482,-6845.635
170490,-1206.383,519.818,-6878.108
170520,-1001.417,611.615,-6903.413
170550,-795.411,702.776,-6921.524
170580,-588.578,793.206,-6932.422
170610,-381.134,882.812,-6936.096
170640,-173.293,971.501,-6932.543
170670,34.727,1059.180,-6921.765
170700,242.712,1145.759,-6903.775
170730,450.444,1231.146,-6878.591
170760,657.708,1315.254,-6846.237
170790,864.289,1397.995,-6806.749
170820,1069.971,1479.283,-6760.165
170850,1274.540,1559.033,-6706.535
170880,1477.785,1637.162,-6645.913
170910,1679.493,1713.588,-6578.362
170940,1879.454,1788.233,-6503.951
170970,2077.461,1861.017,-6422.756
171000,2273.306,1931.866,-6334.862
171030,2466.786,2000.704,-6240.359
171060,2657.698,2067.461,-6139.345
171090,2845.845,2132.065,-6031.922
171120,3031.029,2194.450,-5918.203
171150,3213.056,2254.550,-5798.305
171180,3391.738,2312.301,-5672.352
171210,3566.885,2367.644,-5540.473
171240,3738.316,2420.520,-5402.806
171270,3905.851,2470.873,-5259.492
171300,4069.314,2518.650,-5110.681
171330,4228.534,2563.800,-4956.526
171360,4383.343,2606.277,-4797.188
171390,4533.580,2646.034,-4632.831
171420,4679.085,2683.031,-4463.626
171450,4819.706,2717.226,-4289.750
171480,4955.295,2748.585,-4111.382
171510,5085.709,2777.073,-3928.710
171540,5210.810,2802.660,-3741.922
171570,5330.466,2825.319,-3551.214
171600,5444.552,2845.025,-3356.784
171630,5552.945,2861.756,-3158.835
171660,5655.532,2875.495,-2957.575
171690,5752.203,2886.227,-2753.212
171720,5842.857,2893.939,-2545.962
171750,5927.397,2898.622,-2336.040
171780,6005.732,2900.272,-2123.667
171810,6077.781,2898.886,-1909.064
171840,6143.466,2894.464,-1692.457
171870,6202.716,2887.011,-1474.073
171900,6255.469,2876.534,-1254.141
171930,6301.669,2863.043,-1032.891
171960,6341.265,2846.552,-810.556
171990,6374.215,2827.078,-587.369
172020,6400.484,2804.640,-363.565
172050,6420.043,2779.262,-139.378
172080,6432.871,2750.971,84.955
172110,6438.954,2719.794,309.198
172140,6438.284,2685.765,533.117
172170,6430.861,2648.920,756.475
172200,6416.693,2609.296,979.037
172230,6395.794,2566.935,1200.569
172260,6368.185,2521.881,1420.839
172290,6333.896,2474.181,1639.614
172320,6292.962,2423.886,1856.664
172350,6245.425,2371.048,2071.761
172380,6191.336,2315.721,2284.679
172410,6130.751,2257.966,2495.193
172440,6063.734,2197.841,2703.082
172470,5990.354,2135.410,2908.127
172500,5910.690,2070.739,3110.113
172530,5824.825,2003.896,3308.828
172560,5732.849,1934.950,3504.061
172590,5634.859,1863.974,3695.609
172620,5530.958,1791.043,3883.270
172650,5421.256,1716.234,4066.846
172680,5305.868,1639.624,4246.146
172710,5184.915,1561.295,4420.980
172740,5058.524,1481.329,4591.165
172770,4926.830,1399.809,4756.524
172800,4789.969,1316.822,4916.881
